paper_fig,benchmark_group,profile,dataset,workload,scheme,variant,N,ops,query_ratio,update_ratio,budget,selectivity,metric_name,metric_unit,metric_source,evaluator,auc_mode,is_paper_metric,mean,std,min,max,sample_count,seeds,source_csv,source_row_id,source_archive_or_run_id,config_file,config_hash,notes
fig8_absolute_cost,fig2_component_ablation,paper_full,LOCI-Full,skew_hotspot_drift_mix,LOCI-Full,full,1000000,10000,0.8,,,-1,forced_rollover_count,count,bench_wide.csv,benchmark,not_auc,true,0.0,0.0,0.0,0.0,3,"0,1,2",artifact_results_sp/raw/paper_full/fig8_absolute_cost/bench_wide.csv,row0;row1;row2,eval_full_sp,artifact_results_sp/configs/eval_full_sp.yaml,3df982f4955839fae82b15c7031cdc835ded16a77ca23570645762f092391751,
fig8_absolute_cost,fig2_component_ablation,paper_full,LOCI-Full,skew_hotspot_drift_mix,LOCI-Full,full,1000000,10000,0.8,,,-1,patch_update_latency_ms,ms,bench_wide.csv,benchmark,not_auc,true,131.28033333333335,6.304582055052407,122.68,137.617,3,"0,1,2",artifact_results_sp/raw/paper_full/fig8_absolute_cost/bench_wide.csv,row0;row1;row2,eval_full_sp,artifact_results_sp/configs/eval_full_sp.yaml,3df982f4955839fae82b15c7031cdc835ded16a77ca23570645762f092391751,
fig8_absolute_cost,fig2_component_ablation,paper_full,LOCI-Full,skew_hotspot_drift_mix,LOCI-Full,full,1000000,10000,0.8,,,-1,refresh_count,count,bench_wide.csv,benchmark,not_auc,true,263.6666666666667,9.428090415820632,257.0,277.0,3,"0,1,2",artifact_results_sp/raw/paper_full/fig8_absolute_cost/bench_wide.csv,row0;row1;row2,eval_full_sp,artifact_results_sp/configs/eval_full_sp.yaml,3df982f4955839fae82b15c7031cdc835ded16a77ca23570645762f092391751,
fig8_absolute_cost,fig2_component_ablation,paper_full,LOCI-Full,skew_hotspot_drift_mix,LOCI-Full,full,1000000,10000,0.8,,,-1,response_bytes,bytes,bench_wide.csv,benchmark,not_auc,true,1447153.1548509493,1750.580532360454,1444680.9576134244,1448503.178508662,3,"0,1,2",artifact_results_sp/raw/paper_full/fig8_absolute_cost/bench_wide.csv,row0;row1;row2,eval_full_sp,artifact_results_sp/configs/eval_full_sp.yaml,3df982f4955839fae82b15c7031cdc835ded16a77ca23570645762f092391751,
fig8_absolute_cost,fig2_component_ablation,paper_full,LOCI-Full,skew_hotspot_drift_mix,LOCI-Full,full,1000000,10000,0.8,,,-1,response_mib,MiB,derived,derived_summary,not_auc,true,1.3801127956876271,0.0016694836925129452,1.3777551246771091,1.3814002785765285,3,"0,1,2",artifact_results_sp/raw/paper_full/fig8_absolute_cost/bench_wide.csv,row0;row1;row2,eval_full_sp,artifact_results_sp/configs/eval_full_sp.yaml,3df982f4955839fae82b15c7031cdc835ded16a77ca23570645762f092391751,
fig8_absolute_cost,fig2_component_ablation,paper_full,LOCI-Full,skew_hotspot_drift_mix,LOCI-Full,full,1000000,10000,0.8,,,-1,scheduled_refresh_count,count,bench_wide.csv,benchmark,not_auc,true,30.333333333333332,0.4714045207910317,30.0,31.0,3,"0,1,2",artifact_results_sp/raw/paper_full/fig8_absolute_cost/bench_wide.csv,row0;row1;row2,eval_full_sp,artifact_results_sp/configs/eval_full_sp.yaml,3df982f4955839fae82b15c7031cdc835ded16a77ca23570645762f092391751,
fig8_absolute_cost,fig2_component_ablation,paper_full,LOCI-Full,skew_hotspot_drift_mix,LOCI-Full,full,1000000,10000,0.8,,,-1,search_latency_ms,ms,bench_wide.csv,benchmark,not_auc,true,93.52843333333334,0.385827615508391,93.0131,93.9414,3,"0,1,2",artifact_results_sp/raw/paper_full/fig8_absolute_cost/bench_wide.csv,row0;row1;row2,eval_full_sp,artifact_results_sp/configs/eval_full_sp.yaml,3df982f4955839fae82b15c7031cdc835ded16a77ca23570645762f092391751,
fig8_absolute_cost,fig2_component_ablation,paper_full,LOCI-Full,skew_hotspot_drift_mix,LOCI-Full,full,1000000,10000,0.8,,,-1,server_storage_bytes,bytes,bench_wide.csv,benchmark,not_auc,true,239657856.0,830850.4945271441,238528256.0,240502784.0,3,"0,1,2",artifact_results_sp/raw/paper_full/fig8_absolute_cost/bench_wide.csv,row0;row1;row2,eval_full_sp,artifact_results_sp/configs/eval_full_sp.yaml,3df982f4955839fae82b15c7031cdc835ded16a77ca23570645762f092391751,
fig8_absolute_cost,fig2_component_ablation,paper_full,LOCI-Full,skew_hotspot_drift_mix,LOCI-Full,full,1000000,10000,0.8,,,-1,server_storage_mib,MiB,derived,derived_summary,not_auc,true,228.5555419921875,0.7923607774039689,227.478271484375,229.361328125,3,"0,1,2",artifact_results_sp/raw/paper_full/fig8_absolute_cost/bench_wide.csv,row0;row1;row2,eval_full_sp,artifact_results_sp/configs/eval_full_sp.yaml,3df982f4955839fae82b15c7031cdc835ded16a77ca23570645762f092391751,
fig8_absolute_cost,fig2_component_ablation,paper_full,LOCI-Full,skew_hotspot_drift_mix,LOCI-Full,full,1000000,10000,0.8,,,-1,update_latency_ms,ms,bench_wide.csv,benchmark,not_auc,true,131.28033333333335,6.304582055052407,122.68,137.617,3,"0,1,2",artifact_results_sp/raw/paper_full/fig8_absolute_cost/bench_wide.csv,row0;row1;row2,eval_full_sp,artifact_results_sp/configs/eval_full_sp.yaml,3df982f4955839fae82b15c7031cdc835ded16a77ca23570645762f092391751,
fig8_absolute_cost,fig2_component_ablation,paper_full,LOCI-NoCert,skew_hotspot_drift_mix,LOCI-NoCert,nocert,1000000,10000,0.8,,,-1,forced_rollover_count,count,bench_wide.csv,benchmark,not_auc,true,0.0,0.0,0.0,0.0,3,"0,1,2",artifact_results_sp/raw/paper_full/fig8_absolute_cost/bench_wide.csv,row3;row4;row5,eval_full_sp,artifact_results_sp/configs/eval_full_sp.yaml,3df982f4955839fae82b15c7031cdc835ded16a77ca23570645762f092391751,
fig8_absolute_cost,fig2_component_ablation,paper_full,LOCI-NoCert,skew_hotspot_drift_mix,LOCI-NoCert,nocert,1000000,10000,0.8,,,-1,patch_update_latency_ms,ms,bench_wide.csv,benchmark,not_auc,true,9.820276666666667,0.5580926705803934,9.13302,10.5,3,"0,1,2",artifact_results_sp/raw/paper_full/fig8_absolute_cost/bench_wide.csv,row3;row4;row5,eval_full_sp,artifact_results_sp/configs/eval_full_sp.yaml,3df982f4955839fae82b15c7031cdc835ded16a77ca23570645762f092391751,
fig8_absolute_cost,fig2_component_ablation,paper_full,LOCI-NoCert,skew_hotspot_drift_mix,LOCI-NoCert,nocert,1000000,10000,0.8,,,-1,refresh_count,count,bench_wide.csv,benchmark,not_auc,true,36.333333333333336,2.8674417556808756,33.0,40.0,3,"0,1,2",artifact_results_sp/raw/paper_full/fig8_absolute_cost/bench_wide.csv,row3;row4;row5,eval_full_sp,artifact_results_sp/configs/eval_full_sp.yaml,3df982f4955839fae82b15c7031cdc835ded16a77ca23570645762f092391751,
fig8_absolute_cost,fig2_component_ablation,paper_full,LOCI-NoCert,skew_hotspot_drift_mix,LOCI-NoCert,nocert,1000000,10000,0.8,,,-1,response_bytes,bytes,bench_wide.csv,benchmark,not_auc,true,736724.9511786221,1062.9150519917948,735229.947545059,737608.1206531223,3,"0,1,2",artifact_results_sp/raw/paper_full/fig8_absolute_cost/bench_wide.csv,row3;row4;row5,eval_full_sp,artifact_results_sp/configs/eval_full_sp.yaml,3df982f4955839fae82b15c7031cdc835ded16a77ca23570645762f092391751,
fig8_absolute_cost,fig2_component_ablation,paper_full,LOCI-NoCert,skew_hotspot_drift_mix,LOCI-NoCert,nocert,1000000,10000,0.8,,,-1,response_mib,MiB,derived,derived_summary,not_auc,true,0.7025956641947003,0.0010136747856061886,0.7011699176264372,0.7034379202395652,3,"0,1,2",artifact_results_sp/raw/paper_full/fig8_absolute_cost/bench_wide.csv,row3;row4;row5,eval_full_sp,artifact_results_sp/configs/eval_full_sp.yaml,3df982f4955839fae82b15c7031cdc835ded16a77ca23570645762f092391751,
fig8_absolute_cost,fig2_component_ablation,paper_full,LOCI-NoCert,skew_hotspot_drift_mix,LOCI-NoCert,nocert,1000000,10000,0.8,,,-1,scheduled_refresh_count,count,bench_wide.csv,benchmark,not_auc,true,30.333333333333332,0.4714045207910317,30.0,31.0,3,"0,1,2",artifact_results_sp/raw/paper_full/fig8_absolute_cost/bench_wide.csv,row3;row4;row5,eval_full_sp,artifact_results_sp/configs/eval_full_sp.yaml,3df982f4955839fae82b15c7031cdc835ded16a77ca23570645762f092391751,
fig8_absolute_cost,fig2_component_ablation,paper_full,LOCI-NoCert,skew_hotspot_drift_mix,LOCI-NoCert,nocert,1000000,10000,0.8,,,-1,search_latency_ms,ms,bench_wide.csv,benchmark,not_auc,true,52.32223333333334,0.15567507471939238,52.1225,52.5023,3,"0,1,2",artifact_results_sp/raw/paper_full/fig8_absolute_cost/bench_wide.csv,row3;row4;row5,eval_full_sp,artifact_results_sp/configs/eval_full_sp.yaml,3df982f4955839fae82b15c7031cdc835ded16a77ca23570645762f092391751,
fig8_absolute_cost,fig2_component_ablation,paper_full,LOCI-NoCert,skew_hotspot_drift_mix,LOCI-NoCert,nocert,1000000,10000,0.8,,,-1,server_storage_bytes,bytes,bench_wide.csv,benchmark,not_auc,true,214162816.0,322731.53957223747,213772672.0,214563008.0,3,"0,1,2",artifact_results_sp/raw/paper_full/fig8_absolute_cost/bench_wide.csv,row3;row4;row5,eval_full_sp,artifact_results_sp/configs/eval_full_sp.yaml,3df982f4955839fae82b15c7031cdc835ded16a77ca23570645762f092391751,
fig8_absolute_cost,fig2_component_ablation,paper_full,LOCI-NoCert,skew_hotspot_drift_mix,LOCI-NoCert,nocert,1000000,10000,0.8,,,-1,server_storage_mib,MiB,derived,derived_summary,not_auc,true,204.2415771484375,0.3077807803842902,203.8695068359375,204.62322998046875,3,"0,1,2",artifact_results_sp/raw/paper_full/fig8_absolute_cost/bench_wide.csv,row3;row4;row5,eval_full_sp,artifact_results_sp/configs/eval_full_sp.yaml,3df982f4955839fae82b15c7031cdc835ded16a77ca23570645762f092391751,
fig8_absolute_cost,fig2_component_ablation,paper_full,LOCI-NoCert,skew_hotspot_drift_mix,LOCI-NoCert,nocert,1000000,10000,0.8,,,-1,update_latency_ms,ms,bench_wide.csv,benchmark,not_auc,true,9.820276666666667,0.5580926705803934,9.13302,10.5,3,"0,1,2",artifact_results_sp/raw/paper_full/fig8_absolute_cost/bench_wide.csv,row3;row4;row5,eval_full_sp,artifact_results_sp/configs/eval_full_sp.yaml,3df982f4955839fae82b15c7031cdc835ded16a77ca23570645762f092391751,
fig8_absolute_cost,fig2_component_ablation,paper_full,LOCI-NoPad,skew_hotspot_drift_mix,LOCI-NoPad,nopad,1000000,10000,0.8,,,-1,forced_rollover_count,count,bench_wide.csv,benchmark,not_auc,true,0.0,0.0,0.0,0.0,3,"0,1,2",artifact_results_sp/raw/paper_full/fig8_absolute_cost/bench_wide.csv,row6;row7;row8,eval_full_sp,artifact_results_sp/configs/eval_full_sp.yaml,3df982f4955839fae82b15c7031cdc835ded16a77ca23570645762f092391751,
fig8_absolute_cost,fig2_component_ablation,paper_full,LOCI-NoPad,skew_hotspot_drift_mix,LOCI-NoPad,nopad,1000000,10000,0.8,,,-1,patch_update_latency_ms,ms,bench_wide.csv,benchmark,not_auc,true,123.92266666666666,6.3068205055232776,118.546,132.774,3,"0,1,2",artifact_results_sp/raw/paper_full/fig8_absolute_cost/bench_wide.csv,row6;row7;row8,eval_full_sp,artifact_results_sp/configs/eval_full_sp.yaml,3df982f4955839fae82b15c7031cdc835ded16a77ca23570645762f092391751,
fig8_absolute_cost,fig2_component_ablation,paper_full,LOCI-NoPad,skew_hotspot_drift_mix,LOCI-NoPad,nopad,1000000,10000,0.8,,,-1,refresh_count,count,bench_wide.csv,benchmark,not_auc,true,263.6666666666667,9.428090415820632,257.0,277.0,3,"0,1,2",artifact_results_sp/raw/paper_full/fig8_absolute_cost/bench_wide.csv,row6;row7;row8,eval_full_sp,artifact_results_sp/configs/eval_full_sp.yaml,3df982f4955839fae82b15c7031cdc835ded16a77ca23570645762f092391751,
fig8_absolute_cost,fig2_component_ablation,paper_full,LOCI-NoPad,skew_hotspot_drift_mix,LOCI-NoPad,nopad,1000000,10000,0.8,,,-1,response_bytes,bytes,bench_wide.csv,benchmark,not_auc,true,18404.813945431662,160.866739110949,18178.781129253395,18540.169470248555,3,"0,1,2",artifact_results_sp/raw/paper_full/fig8_absolute_cost/bench_wide.csv,row6;row7;row8,eval_full_sp,artifact_results_sp/configs/eval_full_sp.yaml,3df982f4955839fae82b15c7031cdc835ded16a77ca23570645762f092391751,
fig8_absolute_cost,fig2_component_ablation,paper_full,LOCI-NoPad,skew_hotspot_drift_mix,LOCI-NoPad,nopad,1000000,10000,0.8,,,-1,response_mib,MiB,derived,derived_summary,not_auc,true,0.017552198357993758,0.00015341447745413685,0.01733663666653957,0.017681283445595317,3,"0,1,2",artifact_results_sp/raw/paper_full/fig8_absolute_cost/bench_wide.csv,row6;row7;row8,eval_full_sp,artifact_results_sp/configs/eval_full_sp.yaml,3df982f4955839fae82b15c7031cdc835ded16a77ca23570645762f092391751,
fig8_absolute_cost,fig2_component_ablation,paper_full,LOCI-NoPad,skew_hotspot_drift_mix,LOCI-NoPad,nopad,1000000,10000,0.8,,,-1,scheduled_refresh_count,count,bench_wide.csv,benchmark,not_auc,true,30.333333333333332,0.4714045207910317,30.0,31.0,3,"0,1,2",artifact_results_sp/raw/paper_full/fig8_absolute_cost/bench_wide.csv,row6;row7;row8,eval_full_sp,artifact_results_sp/configs/eval_full_sp.yaml,3df982f4955839fae82b15c7031cdc835ded16a77ca23570645762f092391751,
fig8_absolute_cost,fig2_component_ablation,paper_full,LOCI-NoPad,skew_hotspot_drift_mix,LOCI-NoPad,nopad,1000000,10000,0.8,,,-1,search_latency_ms,ms,bench_wide.csv,benchmark,not_auc,true,17.91946666666667,0.1682161572369177,17.7792,18.156,3,"0,1,2",artifact_results_sp/raw/paper_full/fig8_absolute_cost/bench_wide.csv,row6;row7;row8,eval_full_sp,artifact_results_sp/configs/eval_full_sp.yaml,3df982f4955839fae82b15c7031cdc835ded16a77ca23570645762f092391751,
fig8_absolute_cost,fig2_component_ablation,paper_full,LOCI-NoPad,skew_hotspot_drift_mix,LOCI-NoPad,nopad,1000000,10000,0.8,,,-1,server_storage_bytes,bytes,bench_wide.csv,benchmark,not_auc,true,59828272.0,157368.39726789706,59610400.0,59976528.0,3,"0,1,2",artifact_results_sp/raw/paper_full/fig8_absolute_cost/bench_wide.csv,row6;row7;row8,eval_full_sp,artifact_results_sp/configs/eval_full_sp.yaml,3df982f4955839fae82b15c7031cdc835ded16a77ca23570645762f092391751,
fig8_absolute_cost,fig2_component_ablation,paper_full,LOCI-NoPad,skew_hotspot_drift_mix,LOCI-NoPad,nopad,1000000,10000,0.8,,,-1,server_storage_mib,MiB,derived,derived_summary,not_auc,true,57.05668640136719,0.1500781986884089,56.848907470703125,57.19807434082031,3,"0,1,2",artifact_results_sp/raw/paper_full/fig8_absolute_cost/bench_wide.csv,row6;row7;row8,eval_full_sp,artifact_results_sp/configs/eval_full_sp.yaml,3df982f4955839fae82b15c7031cdc835ded16a77ca23570645762f092391751,
fig8_absolute_cost,fig2_component_ablation,paper_full,LOCI-NoPad,skew_hotspot_drift_mix,LOCI-NoPad,nopad,1000000,10000,0.8,,,-1,update_latency_ms,ms,bench_wide.csv,benchmark,not_auc,true,123.92266666666666,6.3068205055232776,118.546,132.774,3,"0,1,2",artifact_results_sp/raw/paper_full/fig8_absolute_cost/bench_wide.csv,row6;row7;row8,eval_full_sp,artifact_results_sp/configs/eval_full_sp.yaml,3df982f4955839fae82b15c7031cdc835ded16a77ca23570645762f092391751,
fig8_absolute_cost,fig2_component_ablation,paper_full,LOCI-NoProto,skew_hotspot_drift_mix,LOCI-NoProto,noproto,1000000,10000,0.8,,,-1,forced_rollover_count,count,bench_wide.csv,benchmark,not_auc,true,0.0,0.0,0.0,0.0,3,"0,1,2",artifact_results_sp/raw/paper_full/fig8_absolute_cost/bench_wide.csv,row12;row13;row14,eval_full_sp,artifact_results_sp/configs/eval_full_sp.yaml,3df982f4955839fae82b15c7031cdc835ded16a77ca23570645762f092391751,
fig8_absolute_cost,fig2_component_ablation,paper_full,LOCI-NoProto,skew_hotspot_drift_mix,LOCI-NoProto,noproto,1000000,10000,0.8,,,-1,patch_update_latency_ms,ms,bench_wide.csv,benchmark,not_auc,true,131.93833333333336,1.8643508849522417,130.514,134.572,3,"0,1,2",artifact_results_sp/raw/paper_full/fig8_absolute_cost/bench_wide.csv,row12;row13;row14,eval_full_sp,artifact_results_sp/configs/eval_full_sp.yaml,3df982f4955839fae82b15c7031cdc835ded16a77ca23570645762f092391751,
fig8_absolute_cost,fig2_component_ablation,paper_full,LOCI-NoProto,skew_hotspot_drift_mix,LOCI-NoProto,noproto,1000000,10000,0.8,,,-1,refresh_count,count,bench_wide.csv,benchmark,not_auc,true,263.6666666666667,9.428090415820632,257.0,277.0,3,"0,1,2",artifact_results_sp/raw/paper_full/fig8_absolute_cost/bench_wide.csv,row12;row13;row14,eval_full_sp,artifact_results_sp/configs/eval_full_sp.yaml,3df982f4955839fae82b15c7031cdc835ded16a77ca23570645762f092391751,
fig8_absolute_cost,fig2_component_ablation,paper_full,LOCI-NoProto,skew_hotspot_drift_mix,LOCI-NoProto,noproto,1000000,10000,0.8,,,-1,response_bytes,bytes,bench_wide.csv,benchmark,not_auc,true,1447152.8722558664,1750.5133226016214,1444680.7666873834,1448502.7928696962,3,"0,1,2",artifact_results_sp/raw/paper_full/fig8_absolute_cost/bench_wide.csv,row12;row13;row14,eval_full_sp,artifact_results_sp/configs/eval_full_sp.yaml,3df982f4955839fae82b15c7031cdc835ded16a77ca23570645762f092391751,
fig8_absolute_cost,fig2_component_ablation,paper_full,LOCI-NoProto,skew_hotspot_drift_mix,LOCI-NoProto,noproto,1000000,10000,0.8,,,-1,response_mib,MiB,derived,derived_summary,not_auc,true,1.3801125261839546,0.0016694195962921347,1.3777549425958475,1.3813999108025514,3,"0,1,2",artifact_results_sp/raw/paper_full/fig8_absolute_cost/bench_wide.csv,row12;row13;row14,eval_full_sp,artifact_results_sp/configs/eval_full_sp.yaml,3df982f4955839fae82b15c7031cdc835ded16a77ca23570645762f092391751,
fig8_absolute_cost,fig2_component_ablation,paper_full,LOCI-NoProto,skew_hotspot_drift_mix,LOCI-NoProto,noproto,1000000,10000,0.8,,,-1,scheduled_refresh_count,count,bench_wide.csv,benchmark,not_auc,true,30.333333333333332,0.4714045207910317,30.0,31.0,3,"0,1,2",artifact_results_sp/raw/paper_full/fig8_absolute_cost/bench_wide.csv,row12;row13;row14,eval_full_sp,artifact_results_sp/configs/eval_full_sp.yaml,3df982f4955839fae82b15c7031cdc835ded16a77ca23570645762f092391751,
fig8_absolute_cost,fig2_component_ablation,paper_full,LOCI-NoProto,skew_hotspot_drift_mix,LOCI-NoProto,noproto,1000000,10000,0.8,,,-1,search_latency_ms,ms,bench_wide.csv,benchmark,not_auc,true,94.96136666666668,0.20884955244279393,94.7245,95.2326,3,"0,1,2",artifact_results_sp/raw/paper_full/fig8_absolute_cost/bench_wide.csv,row12;row13;row14,eval_full_sp,artifact_results_sp/configs/eval_full_sp.yaml,3df982f4955839fae82b15c7031cdc835ded16a77ca23570645762f092391751,
fig8_absolute_cost,fig2_component_ablation,paper_full,LOCI-NoProto,skew_hotspot_drift_mix,LOCI-NoProto,noproto,1000000,10000,0.8,,,-1,server_storage_bytes,bytes,bench_wide.csv,benchmark,not_auc,true,334902613.3333333,817369.5371818605,333775616.0,335688704.0,3,"0,1,2",artifact_results_sp/raw/paper_full/fig8_absolute_cost/bench_wide.csv,row12;row13;row14,eval_full_sp,artifact_results_sp/configs/eval_full_sp.yaml,3df982f4955839fae82b15c7031cdc835ded16a77ca23570645762f092391751,
fig8_absolute_cost,fig2_component_ablation,paper_full,LOCI-NoProto,skew_hotspot_drift_mix,LOCI-NoProto,noproto,1000000,10000,0.8,,,-1,server_storage_mib,MiB,derived,derived_summary,not_auc,true,319.3880208333333,0.7795043346232038,318.313232421875,320.1376953125,3,"0,1,2",artifact_results_sp/raw/paper_full/fig8_absolute_cost/bench_wide.csv,row12;row13;row14,eval_full_sp,artifact_results_sp/configs/eval_full_sp.yaml,3df982f4955839fae82b15c7031cdc835ded16a77ca23570645762f092391751,
fig8_absolute_cost,fig2_component_ablation,paper_full,LOCI-NoProto,skew_hotspot_drift_mix,LOCI-NoProto,noproto,1000000,10000,0.8,,,-1,update_latency_ms,ms,bench_wide.csv,benchmark,not_auc,true,131.93833333333336,1.8643508849522417,130.514,134.572,3,"0,1,2",artifact_results_sp/raw/paper_full/fig8_absolute_cost/bench_wide.csv,row12;row13;row14,eval_full_sp,artifact_results_sp/configs/eval_full_sp.yaml,3df982f4955839fae82b15c7031cdc835ded16a77ca23570645762f092391751,
fig8_absolute_cost,fig2_component_ablation,paper_full,LOCI-NoPublicRefresh,skew_hotspot_drift_mix,LOCI-NoPublicRefresh,nopublicrefresh,1000000,10000,0.8,,,-1,forced_rollover_count,count,bench_wide.csv,benchmark,not_auc,true,0.0,0.0,0.0,0.0,3,"0,1,2",artifact_results_sp/raw/paper_full/fig8_absolute_cost/bench_wide.csv,row10;row11;row9,eval_full_sp,artifact_results_sp/configs/eval_full_sp.yaml,3df982f4955839fae82b15c7031cdc835ded16a77ca23570645762f092391751,
fig8_absolute_cost,fig2_component_ablation,paper_full,LOCI-NoPublicRefresh,skew_hotspot_drift_mix,LOCI-NoPublicRefresh,nopublicrefresh,1000000,10000,0.8,,,-1,patch_update_latency_ms,ms,bench_wide.csv,benchmark,not_auc,true,120.26033333333334,2.790793475379756,117.714,124.145,3,"0,1,2",artifact_results_sp/raw/paper_full/fig8_absolute_cost/bench_wide.csv,row10;row11;row9,eval_full_sp,artifact_results_sp/configs/eval_full_sp.yaml,3df982f4955839fae82b15c7031cdc835ded16a77ca23570645762f092391751,
fig8_absolute_cost,fig2_component_ablation,paper_full,LOCI-NoPublicRefresh,skew_hotspot_drift_mix,LOCI-NoPublicRefresh,nopublicrefresh,1000000,10000,0.8,,,-1,refresh_count,count,bench_wide.csv,benchmark,not_auc,true,234.66666666666666,9.463379711052259,227.0,248.0,3,"0,1,2",artifact_results_sp/raw/paper_full/fig8_absolute_cost/bench_wide.csv,row10;row11;row9,eval_full_sp,artifact_results_sp/configs/eval_full_sp.yaml,3df982f4955839fae82b15c7031cdc835ded16a77ca23570645762f092391751,
fig8_absolute_cost,fig2_component_ablation,paper_full,LOCI-NoPublicRefresh,skew_hotspot_drift_mix,LOCI-NoPublicRefresh,nopublicrefresh,1000000,10000,0.8,,,-1,response_bytes,bytes,bench_wide.csv,benchmark,not_auc,true,1447129.4134760408,1760.9496355186777,1444643.6077066502,1448502.6723575194,3,"0,1,2",artifact_results_sp/raw/paper_full/fig8_absolute_cost/bench_wide.csv,row10;row11;row9,eval_full_sp,artifact_results_sp/configs/eval_full_sp.yaml,3df982f4955839fae82b15c7031cdc835ded16a77ca23570645762f092391751,
fig8_absolute_cost,fig2_component_ablation,paper_full,LOCI-NoPublicRefresh,skew_hotspot_drift_mix,LOCI-NoPublicRefresh,nopublicrefresh,1000000,10000,0.8,,,-1,response_mib,MiB,derived,derived_summary,not_auc,true,1.3800901541481407,0.00167937243987911,1.3777195050302984,1.3813997958731836,3,"0,1,2",artifact_results_sp/raw/paper_full/fig8_absolute_cost/bench_wide.csv,row10;row11;row9,eval_full_sp,artifact_results_sp/configs/eval_full_sp.yaml,3df982f4955839fae82b15c7031cdc835ded16a77ca23570645762f092391751,
fig8_absolute_cost,fig2_component_ablation,paper_full,LOCI-NoPublicRefresh,skew_hotspot_drift_mix,LOCI-NoPublicRefresh,nopublicrefresh,1000000,10000,0.8,,,-1,scheduled_refresh_count,count,bench_wide.csv,benchmark,not_auc,true,0.0,0.0,0.0,0.0,3,"0,1,2",artifact_results_sp/raw/paper_full/fig8_absolute_cost/bench_wide.csv,row10;row11;row9,eval_full_sp,artifact_results_sp/configs/eval_full_sp.yaml,3df982f4955839fae82b15c7031cdc835ded16a77ca23570645762f092391751,
fig8_absolute_cost,fig2_component_ablation,paper_full,LOCI-NoPublicRefresh,skew_hotspot_drift_mix,LOCI-NoPublicRefresh,nopublicrefresh,1000000,10000,0.8,,,-1,search_latency_ms,ms,bench_wide.csv,benchmark,not_auc,true,87.13953333333332,0.32986476353533783,86.8671,87.6037,3,"0,1,2",artifact_results_sp/raw/paper_full/fig8_absolute_cost/bench_wide.csv,row10;row11;row9,eval_full_sp,artifact_results_sp/configs/eval_full_sp.yaml,3df982f4955839fae82b15c7031cdc835ded16a77ca23570645762f092391751,
fig8_absolute_cost,fig2_component_ablation,paper_full,LOCI-NoPublicRefresh,skew_hotspot_drift_mix,LOCI-NoPublicRefresh,nopublicrefresh,1000000,10000,0.8,,,-1,server_storage_bytes,bytes,bench_wide.csv,benchmark,not_auc,true,238056320.0,931462.798381127,236832128.0,239089664.0,3,"0,1,2",artifact_results_sp/raw/paper_full/fig8_absolute_cost/bench_wide.csv,row10;row11;row9,eval_full_sp,artifact_results_sp/configs/eval_full_sp.yaml,3df982f4955839fae82b15c7031cdc835ded16a77ca23570645762f092391751,
fig8_absolute_cost,fig2_component_ablation,paper_full,LOCI-NoPublicRefresh,skew_hotspot_drift_mix,LOCI-NoPublicRefresh,nopublicrefresh,1000000,10000,0.8,,,-1,server_storage_mib,MiB,derived,derived_summary,not_auc,true,227.0281982421875,0.8883121475039739,225.8607177734375,228.013671875,3,"0,1,2",artifact_results_sp/raw/paper_full/fig8_absolute_cost/bench_wide.csv,row10;row11;row9,eval_full_sp,artifact_results_sp/configs/eval_full_sp.yaml,3df982f4955839fae82b15c7031cdc835ded16a77ca23570645762f092391751,
fig8_absolute_cost,fig2_component_ablation,paper_full,LOCI-NoPublicRefresh,skew_hotspot_drift_mix,LOCI-NoPublicRefresh,nopublicrefresh,1000000,10000,0.8,,,-1,update_latency_ms,ms,bench_wide.csv,benchmark,not_auc,true,120.26033333333334,2.790793475379756,117.714,124.145,3,"0,1,2",artifact_results_sp/raw/paper_full/fig8_absolute_cost/bench_wide.csv,row10;row11;row9,eval_full_sp,artifact_results_sp/configs/eval_full_sp.yaml,3df982f4955839fae82b15c7031cdc835ded16a77ca23570645762f092391751,
fig8_absolute_cost,fig2_component_ablation,quick,LOCI-Full,skew_hotspot_drift_mix,LOCI-Full,full,50000,500,0.8,,,-1,forced_rollover_count,count,bench_wide.csv,benchmark,not_auc,true,0.0,0.0,0.0,0.0,1,0,artifact_results_sp/raw/quick/fig8_absolute_cost/bench_wide.csv,row3,eval_quick_sp,artifact_results_sp/configs/eval_quick.yaml,cc6a12cb9a41f1f2cd63c8b8edee329f0df3cd7e835606ac1145943d66333671,
fig8_absolute_cost,fig2_component_ablation,quick,LOCI-Full,skew_hotspot_drift_mix,LOCI-Full,full,50000,500,0.8,,,-1,maintenance_latency_ms,ms,bench_wide.csv,benchmark,not_auc,true,2.95014,0.0,2.95014,2.95014,1,0,artifact_results_sp/raw/quick/fig8_absolute_cost/bench_wide.csv,row3,eval_quick_sp,artifact_results_sp/configs/eval_quick.yaml,cc6a12cb9a41f1f2cd63c8b8edee329f0df3cd7e835606ac1145943d66333671,
fig8_absolute_cost,fig2_component_ablation,quick,LOCI-Full,skew_hotspot_drift_mix,LOCI-Full,full,50000,500,0.8,,,-1,patch_update_latency_ms,ms,bench_wide.csv,benchmark,not_auc,true,0.00515727,0.0,0.00515727,0.00515727,1,0,artifact_results_sp/raw/quick/fig8_absolute_cost/bench_wide.csv,row3,eval_quick_sp,artifact_results_sp/configs/eval_quick.yaml,cc6a12cb9a41f1f2cd63c8b8edee329f0df3cd7e835606ac1145943d66333671,
fig8_absolute_cost,fig2_component_ablation,quick,LOCI-Full,skew_hotspot_drift_mix,LOCI-Full,full,50000,500,0.8,,,-1,refresh_count,count,bench_wide.csv,benchmark,not_auc,true,10.0,0.0,10.0,10.0,1,0,artifact_results_sp/raw/quick/fig8_absolute_cost/bench_wide.csv,row3,eval_quick_sp,artifact_results_sp/configs/eval_quick.yaml,cc6a12cb9a41f1f2cd63c8b8edee329f0df3cd7e835606ac1145943d66333671,
fig8_absolute_cost,fig2_component_ablation,quick,LOCI-Full,skew_hotspot_drift_mix,LOCI-Full,full,50000,500,0.8,,,-1,response_bytes,bytes,bench_wide.csv,benchmark,not_auc,true,83490.13333333333,0.0,83490.13333333333,83490.13333333333,1,0,artifact_results_sp/raw/quick/fig8_absolute_cost/bench_wide.csv,row3,eval_quick_sp,artifact_results_sp/configs/eval_quick.yaml,cc6a12cb9a41f1f2cd63c8b8edee329f0df3cd7e835606ac1145943d66333671,
fig8_absolute_cost,fig2_component_ablation,quick,LOCI-Full,skew_hotspot_drift_mix,LOCI-Full,full,50000,500,0.8,,,-1,response_mib,MiB,derived,derived_summary,not_auc,true,0.07962239583333333,0.0,0.07962239583333333,0.07962239583333333,1,0,artifact_results_sp/raw/quick/fig8_absolute_cost/bench_wide.csv,row3,eval_quick_sp,artifact_results_sp/configs/eval_quick.yaml,cc6a12cb9a41f1f2cd63c8b8edee329f0df3cd7e835606ac1145943d66333671,
fig8_absolute_cost,fig2_component_ablation,quick,LOCI-Full,skew_hotspot_drift_mix,LOCI-Full,full,50000,500,0.8,,,-1,scheduled_refresh_count,count,bench_wide.csv,benchmark,not_auc,true,1.0,0.0,1.0,1.0,1,0,artifact_results_sp/raw/quick/fig8_absolute_cost/bench_wide.csv,row3,eval_quick_sp,artifact_results_sp/configs/eval_quick.yaml,cc6a12cb9a41f1f2cd63c8b8edee329f0df3cd7e835606ac1145943d66333671,
fig8_absolute_cost,fig2_component_ablation,quick,LOCI-Full,skew_hotspot_drift_mix,LOCI-Full,full,50000,500,0.8,,,-1,search_latency_ms,ms,bench_wide.csv,benchmark,not_auc,true,1.6095,0.0,1.6095,1.6095,1,0,artifact_results_sp/raw/quick/fig8_absolute_cost/bench_wide.csv,row3,eval_quick_sp,artifact_results_sp/configs/eval_quick.yaml,cc6a12cb9a41f1f2cd63c8b8edee329f0df3cd7e835606ac1145943d66333671,
fig8_absolute_cost,fig2_component_ablation,quick,LOCI-Full,skew_hotspot_drift_mix,LOCI-Full,full,50000,500,0.8,,,-1,server_storage_bytes,bytes,bench_wide.csv,benchmark,not_auc,true,11719168.0,0.0,11719168.0,11719168.0,1,0,artifact_results_sp/raw/quick/fig8_absolute_cost/bench_wide.csv,row3,eval_quick_sp,artifact_results_sp/configs/eval_quick.yaml,cc6a12cb9a41f1f2cd63c8b8edee329f0df3cd7e835606ac1145943d66333671,
fig8_absolute_cost,fig2_component_ablation,quick,LOCI-Full,skew_hotspot_drift_mix,LOCI-Full,full,50000,500,0.8,,,-1,server_storage_mib,MiB,derived,derived_summary,not_auc,true,11.17626953125,0.0,11.17626953125,11.17626953125,1,0,artifact_results_sp/raw/quick/fig8_absolute_cost/bench_wide.csv,row3,eval_quick_sp,artifact_results_sp/configs/eval_quick.yaml,cc6a12cb9a41f1f2cd63c8b8edee329f0df3cd7e835606ac1145943d66333671,
fig8_absolute_cost,fig2_component_ablation,quick,LOCI-Full,skew_hotspot_drift_mix,LOCI-Full,full,50000,500,0.8,,,-1,update_latency_ms,ms,bench_wide.csv,benchmark,not_auc,true,2.96539,0.0,2.96539,2.96539,1,0,artifact_results_sp/raw/quick/fig8_absolute_cost/bench_wide.csv,row3,eval_quick_sp,artifact_results_sp/configs/eval_quick.yaml,cc6a12cb9a41f1f2cd63c8b8edee329f0df3cd7e835606ac1145943d66333671,
fig8_absolute_cost,fig2_component_ablation,quick,LOCI-NoPad,skew_hotspot_drift_mix,LOCI-NoPad,nopad,50000,500,0.8,,,-1,forced_rollover_count,count,bench_wide.csv,benchmark,not_auc,true,0.0,0.0,0.0,0.0,1,0,artifact_results_sp/raw/quick/fig8_absolute_cost/bench_wide.csv,row1,eval_quick_sp,artifact_results_sp/configs/eval_quick.yaml,cc6a12cb9a41f1f2cd63c8b8edee329f0df3cd7e835606ac1145943d66333671,
fig8_absolute_cost,fig2_component_ablation,quick,LOCI-NoPad,skew_hotspot_drift_mix,LOCI-NoPad,nopad,50000,500,0.8,,,-1,maintenance_latency_ms,ms,bench_wide.csv,benchmark,not_auc,true,2.80227,0.0,2.80227,2.80227,1,0,artifact_results_sp/raw/quick/fig8_absolute_cost/bench_wide.csv,row1,eval_quick_sp,artifact_results_sp/configs/eval_quick.yaml,cc6a12cb9a41f1f2cd63c8b8edee329f0df3cd7e835606ac1145943d66333671,
fig8_absolute_cost,fig2_component_ablation,quick,LOCI-NoPad,skew_hotspot_drift_mix,LOCI-NoPad,nopad,50000,500,0.8,,,-1,patch_update_latency_ms,ms,bench_wide.csv,benchmark,not_auc,true,0.00445,0.0,0.00445,0.00445,1,0,artifact_results_sp/raw/quick/fig8_absolute_cost/bench_wide.csv,row1,eval_quick_sp,artifact_results_sp/configs/eval_quick.yaml,cc6a12cb9a41f1f2cd63c8b8edee329f0df3cd7e835606ac1145943d66333671,
fig8_absolute_cost,fig2_component_ablation,quick,LOCI-NoPad,skew_hotspot_drift_mix,LOCI-NoPad,nopad,50000,500,0.8,,,-1,refresh_count,count,bench_wide.csv,benchmark,not_auc,true,10.0,0.0,10.0,10.0,1,0,artifact_results_sp/raw/quick/fig8_absolute_cost/bench_wide.csv,row1,eval_quick_sp,artifact_results_sp/configs/eval_quick.yaml,cc6a12cb9a41f1f2cd63c8b8edee329f0df3cd7e835606ac1145943d66333671,
fig8_absolute_cost,fig2_component_ablation,quick,LOCI-NoPad,skew_hotspot_drift_mix,LOCI-NoPad,nopad,50000,500,0.8,,,-1,response_bytes,bytes,bench_wide.csv,benchmark,not_auc,true,1297.1333333333334,0.0,1297.1333333333334,1297.1333333333334,1,0,artifact_results_sp/raw/quick/fig8_absolute_cost/bench_wide.csv,row1,eval_quick_sp,artifact_results_sp/configs/eval_quick.yaml,cc6a12cb9a41f1f2cd63c8b8edee329f0df3cd7e835606ac1145943d66333671,
fig8_absolute_cost,fig2_component_ablation,quick,LOCI-NoPad,skew_hotspot_drift_mix,LOCI-NoPad,nopad,50000,500,0.8,,,-1,response_mib,MiB,derived,derived_summary,not_auc,true,0.0012370427449544272,0.0,0.0012370427449544272,0.0012370427449544272,1,0,artifact_results_sp/raw/quick/fig8_absolute_cost/bench_wide.csv,row1,eval_quick_sp,artifact_results_sp/configs/eval_quick.yaml,cc6a12cb9a41f1f2cd63c8b8edee329f0df3cd7e835606ac1145943d66333671,
fig8_absolute_cost,fig2_component_ablation,quick,LOCI-NoPad,skew_hotspot_drift_mix,LOCI-NoPad,nopad,50000,500,0.8,,,-1,scheduled_refresh_count,count,bench_wide.csv,benchmark,not_auc,true,1.0,0.0,1.0,1.0,1,0,artifact_results_sp/raw/quick/fig8_absolute_cost/bench_wide.csv,row1,eval_quick_sp,artifact_results_sp/configs/eval_quick.yaml,cc6a12cb9a41f1f2cd63c8b8edee329f0df3cd7e835606ac1145943d66333671,
fig8_absolute_cost,fig2_component_ablation,quick,LOCI-NoPad,skew_hotspot_drift_mix,LOCI-NoPad,nopad,50000,500,0.8,,,-1,search_latency_ms,ms,bench_wide.csv,benchmark,not_auc,true,0.376782,0.0,0.376782,0.376782,1,0,artifact_results_sp/raw/quick/fig8_absolute_cost/bench_wide.csv,row1,eval_quick_sp,artifact_results_sp/configs/eval_quick.yaml,cc6a12cb9a41f1f2cd63c8b8edee329f0df3cd7e835606ac1145943d66333671,
fig8_absolute_cost,fig2_component_ablation,quick,LOCI-NoPad,skew_hotspot_drift_mix,LOCI-NoPad,nopad,50000,500,0.8,,,-1,server_storage_bytes,bytes,bench_wide.csv,benchmark,not_auc,true,3645360.0,0.0,3645360.0,3645360.0,1,0,artifact_results_sp/raw/quick/fig8_absolute_cost/bench_wide.csv,row1,eval_quick_sp,artifact_results_sp/configs/eval_quick.yaml,cc6a12cb9a41f1f2cd63c8b8edee329f0df3cd7e835606ac1145943d66333671,
fig8_absolute_cost,fig2_component_ablation,quick,LOCI-NoPad,skew_hotspot_drift_mix,LOCI-NoPad,nopad,50000,500,0.8,,,-1,server_storage_mib,MiB,derived,derived_summary,not_auc,true,3.4764862060546875,0.0,3.4764862060546875,3.4764862060546875,1,0,artifact_results_sp/raw/quick/fig8_absolute_cost/bench_wide.csv,row1,eval_quick_sp,artifact_results_sp/configs/eval_quick.yaml,cc6a12cb9a41f1f2cd63c8b8edee329f0df3cd7e835606ac1145943d66333671,
fig8_absolute_cost,fig2_component_ablation,quick,LOCI-NoPad,skew_hotspot_drift_mix,LOCI-NoPad,nopad,50000,500,0.8,,,-1,update_latency_ms,ms,bench_wide.csv,benchmark,not_auc,true,2.81438,0.0,2.81438,2.81438,1,0,artifact_results_sp/raw/quick/fig8_absolute_cost/bench_wide.csv,row1,eval_quick_sp,artifact_results_sp/configs/eval_quick.yaml,cc6a12cb9a41f1f2cd63c8b8edee329f0df3cd7e835606ac1145943d66333671,
fig8_absolute_cost,fig2_component_ablation,quick,LOCI-NoPublicRefresh,skew_hotspot_drift_mix,LOCI-NoPublicRefresh,nopublicrefresh,50000,500,0.8,,,-1,forced_rollover_count,count,bench_wide.csv,benchmark,not_auc,true,0.0,0.0,0.0,0.0,1,0,artifact_results_sp/raw/quick/fig8_absolute_cost/bench_wide.csv,row2,eval_quick_sp,artifact_results_sp/configs/eval_quick.yaml,cc6a12cb9a41f1f2cd63c8b8edee329f0df3cd7e835606ac1145943d66333671,
fig8_absolute_cost,fig2_component_ablation,quick,LOCI-NoPublicRefresh,skew_hotspot_drift_mix,LOCI-NoPublicRefresh,nopublicrefresh,50000,500,0.8,,,-1,maintenance_latency_ms,ms,bench_wide.csv,benchmark,not_auc,true,2.61254,0.0,2.61254,2.61254,1,0,artifact_results_sp/raw/quick/fig8_absolute_cost/bench_wide.csv,row2,eval_quick_sp,artifact_results_sp/configs/eval_quick.yaml,cc6a12cb9a41f1f2cd63c8b8edee329f0df3cd7e835606ac1145943d66333671,
fig8_absolute_cost,fig2_component_ablation,quick,LOCI-NoPublicRefresh,skew_hotspot_drift_mix,LOCI-NoPublicRefresh,nopublicrefresh,50000,500,0.8,,,-1,patch_update_latency_ms,ms,bench_wide.csv,benchmark,not_auc,true,0.00894818,0.0,0.00894818,0.00894818,1,0,artifact_results_sp/raw/quick/fig8_absolute_cost/bench_wide.csv,row2,eval_quick_sp,artifact_results_sp/configs/eval_quick.yaml,cc6a12cb9a41f1f2cd63c8b8edee329f0df3cd7e835606ac1145943d66333671,
fig8_absolute_cost,fig2_component_ablation,quick,LOCI-NoPublicRefresh,skew_hotspot_drift_mix,LOCI-NoPublicRefresh,nopublicrefresh,50000,500,0.8,,,-1,refresh_count,count,bench_wide.csv,benchmark,not_auc,true,9.0,0.0,9.0,9.0,1,0,artifact_results_sp/raw/quick/fig8_absolute_cost/bench_wide.csv,row2,eval_quick_sp,artifact_results_sp/configs/eval_quick.yaml,cc6a12cb9a41f1f2cd63c8b8edee329f0df3cd7e835606ac1145943d66333671,
fig8_absolute_cost,fig2_component_ablation,quick,LOCI-NoPublicRefresh,skew_hotspot_drift_mix,LOCI-NoPublicRefresh,nopublicrefresh,50000,500,0.8,,,-1,response_bytes,bytes,bench_wide.csv,benchmark,not_auc,true,83490.13333333333,0.0,83490.13333333333,83490.13333333333,1,0,artifact_results_sp/raw/quick/fig8_absolute_cost/bench_wide.csv,row2,eval_quick_sp,artifact_results_sp/configs/eval_quick.yaml,cc6a12cb9a41f1f2cd63c8b8edee329f0df3cd7e835606ac1145943d66333671,
fig8_absolute_cost,fig2_component_ablation,quick,LOCI-NoPublicRefresh,skew_hotspot_drift_mix,LOCI-NoPublicRefresh,nopublicrefresh,50000,500,0.8,,,-1,response_mib,MiB,derived,derived_summary,not_auc,true,0.07962239583333333,0.0,0.07962239583333333,0.07962239583333333,1,0,artifact_results_sp/raw/quick/fig8_absolute_cost/bench_wide.csv,row2,eval_quick_sp,artifact_results_sp/configs/eval_quick.yaml,cc6a12cb9a41f1f2cd63c8b8edee329f0df3cd7e835606ac1145943d66333671,
fig8_absolute_cost,fig2_component_ablation,quick,LOCI-NoPublicRefresh,skew_hotspot_drift_mix,LOCI-NoPublicRefresh,nopublicrefresh,50000,500,0.8,,,-1,scheduled_refresh_count,count,bench_wide.csv,benchmark,not_auc,true,0.0,0.0,0.0,0.0,1,0,artifact_results_sp/raw/quick/fig8_absolute_cost/bench_wide.csv,row2,eval_quick_sp,artifact_results_sp/configs/eval_quick.yaml,cc6a12cb9a41f1f2cd63c8b8edee329f0df3cd7e835606ac1145943d66333671,
fig8_absolute_cost,fig2_component_ablation,quick,LOCI-NoPublicRefresh,skew_hotspot_drift_mix,LOCI-NoPublicRefresh,nopublicrefresh,50000,500,0.8,,,-1,search_latency_ms,ms,bench_wide.csv,benchmark,not_auc,true,1.66614,0.0,1.66614,1.66614,1,0,artifact_results_sp/raw/quick/fig8_absolute_cost/bench_wide.csv,row2,eval_quick_sp,artifact_results_sp/configs/eval_quick.yaml,cc6a12cb9a41f1f2cd63c8b8edee329f0df3cd7e835606ac1145943d66333671,
fig8_absolute_cost,fig2_component_ablation,quick,LOCI-NoPublicRefresh,skew_hotspot_drift_mix,LOCI-NoPublicRefresh,nopublicrefresh,50000,500,0.8,,,-1,server_storage_bytes,bytes,bench_wide.csv,benchmark,not_auc,true,11577984.0,0.0,11577984.0,11577984.0,1,0,artifact_results_sp/raw/quick/fig8_absolute_cost/bench_wide.csv,row2,eval_quick_sp,artifact_results_sp/configs/eval_quick.yaml,cc6a12cb9a41f1f2cd63c8b8edee329f0df3cd7e835606ac1145943d66333671,
fig8_absolute_cost,fig2_component_ablation,quick,LOCI-NoPublicRefresh,skew_hotspot_drift_mix,LOCI-NoPublicRefresh,nopublicrefresh,50000,500,0.8,,,-1,server_storage_mib,MiB,derived,derived_summary,not_auc,true,11.0416259765625,0.0,11.0416259765625,11.0416259765625,1,0,artifact_results_sp/raw/quick/fig8_absolute_cost/bench_wide.csv,row2,eval_quick_sp,artifact_results_sp/configs/eval_quick.yaml,cc6a12cb9a41f1f2cd63c8b8edee329f0df3cd7e835606ac1145943d66333671,
fig8_absolute_cost,fig2_component_ablation,quick,LOCI-NoPublicRefresh,skew_hotspot_drift_mix,LOCI-NoPublicRefresh,nopublicrefresh,50000,500,0.8,,,-1,update_latency_ms,ms,bench_wide.csv,benchmark,not_auc,true,2.63287,0.0,2.63287,2.63287,1,0,artifact_results_sp/raw/quick/fig8_absolute_cost/bench_wide.csv,row2,eval_quick_sp,artifact_results_sp/configs/eval_quick.yaml,cc6a12cb9a41f1f2cd63c8b8edee329f0df3cd7e835606ac1145943d66333671,
fig8_absolute_cost,fig2_component_ablation,quick,PGM-Learned-GlobalPad,skew_hotspot_drift_mix,PGM-Learned-GlobalPad,globalpad,50000,500,0.8,,,-1,forced_rollover_count,count,bench_wide.csv,benchmark,not_auc,true,0.0,0.0,0.0,0.0,1,0,artifact_results_sp/raw/quick/fig8_absolute_cost/bench_wide.csv,row4,eval_quick_sp,artifact_results_sp/configs/eval_quick.yaml,cc6a12cb9a41f1f2cd63c8b8edee329f0df3cd7e835606ac1145943d66333671,
fig8_absolute_cost,fig2_component_ablation,quick,PGM-Learned-GlobalPad,skew_hotspot_drift_mix,PGM-Learned-GlobalPad,globalpad,50000,500,0.8,,,-1,maintenance_latency_ms,ms,bench_wide.csv,benchmark,not_auc,true,0.00118,0.0,0.00118,0.00118,1,0,artifact_results_sp/raw/quick/fig8_absolute_cost/bench_wide.csv,row4,eval_quick_sp,artifact_results_sp/configs/eval_quick.yaml,cc6a12cb9a41f1f2cd63c8b8edee329f0df3cd7e835606ac1145943d66333671,
fig8_absolute_cost,fig2_component_ablation,quick,PGM-Learned-GlobalPad,skew_hotspot_drift_mix,PGM-Learned-GlobalPad,globalpad,50000,500,0.8,,,-1,patch_update_latency_ms,ms,bench_wide.csv,benchmark,not_auc,true,0.0148,0.0,0.0148,0.0148,1,0,artifact_results_sp/raw/quick/fig8_absolute_cost/bench_wide.csv,row4,eval_quick_sp,artifact_results_sp/configs/eval_quick.yaml,cc6a12cb9a41f1f2cd63c8b8edee329f0df3cd7e835606ac1145943d66333671,
fig8_absolute_cost,fig2_component_ablation,quick,PGM-Learned-GlobalPad,skew_hotspot_drift_mix,PGM-Learned-GlobalPad,globalpad,50000,500,0.8,,,-1,refresh_count,count,bench_wide.csv,benchmark,not_auc,true,1.0,0.0,1.0,1.0,1,0,artifact_results_sp/raw/quick/fig8_absolute_cost/bench_wide.csv,row4,eval_quick_sp,artifact_results_sp/configs/eval_quick.yaml,cc6a12cb9a41f1f2cd63c8b8edee329f0df3cd7e835606ac1145943d66333671,
fig8_absolute_cost,fig2_component_ablation,quick,PGM-Learned-GlobalPad,skew_hotspot_drift_mix,PGM-Learned-GlobalPad,globalpad,50000,500,0.8,,,-1,response_bytes,bytes,bench_wide.csv,benchmark,not_auc,true,474050.46153846156,0.0,474050.46153846156,474050.46153846156,1,0,artifact_results_sp/raw/quick/fig8_absolute_cost/bench_wide.csv,row4,eval_quick_sp,artifact_results_sp/configs/eval_quick.yaml,cc6a12cb9a41f1f2cd63c8b8edee329f0df3cd7e835606ac1145943d66333671,
fig8_absolute_cost,fig2_component_ablation,quick,PGM-Learned-GlobalPad,skew_hotspot_drift_mix,PGM-Learned-GlobalPad,globalpad,50000,500,0.8,,,-1,response_mib,MiB,derived,derived_summary,not_auc,true,0.45208974984975964,0.0,0.45208974984975964,0.45208974984975964,1,0,artifact_results_sp/raw/quick/fig8_absolute_cost/bench_wide.csv,row4,eval_quick_sp,artifact_results_sp/configs/eval_quick.yaml,cc6a12cb9a41f1f2cd63c8b8edee329f0df3cd7e835606ac1145943d66333671,
fig8_absolute_cost,fig2_component_ablation,quick,PGM-Learned-GlobalPad,skew_hotspot_drift_mix,PGM-Learned-GlobalPad,globalpad,50000,500,0.8,,,-1,scheduled_refresh_count,count,bench_wide.csv,benchmark,not_auc,true,1.0,0.0,1.0,1.0,1,0,artifact_results_sp/raw/quick/fig8_absolute_cost/bench_wide.csv,row4,eval_quick_sp,artifact_results_sp/configs/eval_quick.yaml,cc6a12cb9a41f1f2cd63c8b8edee329f0df3cd7e835606ac1145943d66333671,
fig8_absolute_cost,fig2_component_ablation,quick,PGM-Learned-GlobalPad,skew_hotspot_drift_mix,PGM-Learned-GlobalPad,globalpad,50000,500,0.8,,,-1,search_latency_ms,ms,bench_wide.csv,benchmark,not_auc,true,4.5714,0.0,4.5714,4.5714,1,0,artifact_results_sp/raw/quick/fig8_absolute_cost/bench_wide.csv,row4,eval_quick_sp,artifact_results_sp/configs/eval_quick.yaml,cc6a12cb9a41f1f2cd63c8b8edee329f0df3cd7e835606ac1145943d66333671,
fig8_absolute_cost,fig2_component_ablation,quick,PGM-Learned-GlobalPad,skew_hotspot_drift_mix,PGM-Learned-GlobalPad,globalpad,50000,500,0.8,,,-1,server_storage_bytes,bytes,bench_wide.csv,benchmark,not_auc,true,1728512.0,0.0,1728512.0,1728512.0,1,0,artifact_results_sp/raw/quick/fig8_absolute_cost/bench_wide.csv,row4,eval_quick_sp,artifact_results_sp/configs/eval_quick.yaml,cc6a12cb9a41f1f2cd63c8b8edee329f0df3cd7e835606ac1145943d66333671,
fig8_absolute_cost,fig2_component_ablation,quick,PGM-Learned-GlobalPad,skew_hotspot_drift_mix,PGM-Learned-GlobalPad,globalpad,50000,500,0.8,,,-1,server_storage_mib,MiB,derived,derived_summary,not_auc,true,1.6484375,0.0,1.6484375,1.6484375,1,0,artifact_results_sp/raw/quick/fig8_absolute_cost/bench_wide.csv,row4,eval_quick_sp,artifact_results_sp/configs/eval_quick.yaml,cc6a12cb9a41f1f2cd63c8b8edee329f0df3cd7e835606ac1145943d66333671,
fig8_absolute_cost,fig2_component_ablation,quick,PGM-Learned-GlobalPad,skew_hotspot_drift_mix,PGM-Learned-GlobalPad,globalpad,50000,500,0.8,,,-1,update_latency_ms,ms,bench_wide.csv,benchmark,not_auc,true,0.01683,0.0,0.01683,0.01683,1,0,artifact_results_sp/raw/quick/fig8_absolute_cost/bench_wide.csv,row4,eval_quick_sp,artifact_results_sp/configs/eval_quick.yaml,cc6a12cb9a41f1f2cd63c8b8edee329f0df3cd7e835606ac1145943d66333671,
fig8_absolute_cost,fig2_component_ablation,quick,PGM-Learned-Naive,skew_hotspot_drift_mix,PGM-Learned-Naive,naive,50000,500,0.8,,,-1,forced_rollover_count,count,bench_wide.csv,benchmark,not_auc,true,0.0,0.0,0.0,0.0,1,0,artifact_results_sp/raw/quick/fig8_absolute_cost/bench_wide.csv,row0,eval_quick_sp,artifact_results_sp/configs/eval_quick.yaml,cc6a12cb9a41f1f2cd63c8b8edee329f0df3cd7e835606ac1145943d66333671,
fig8_absolute_cost,fig2_component_ablation,quick,PGM-Learned-Naive,skew_hotspot_drift_mix,PGM-Learned-Naive,naive,50000,500,0.8,,,-1,maintenance_latency_ms,ms,bench_wide.csv,benchmark,not_auc,true,0.0,0.0,0.0,0.0,1,0,artifact_results_sp/raw/quick/fig8_absolute_cost/bench_wide.csv,row0,eval_quick_sp,artifact_results_sp/configs/eval_quick.yaml,cc6a12cb9a41f1f2cd63c8b8edee329f0df3cd7e835606ac1145943d66333671,
fig8_absolute_cost,fig2_component_ablation,quick,PGM-Learned-Naive,skew_hotspot_drift_mix,PGM-Learned-Naive,naive,50000,500,0.8,,,-1,patch_update_latency_ms,ms,bench_wide.csv,benchmark,not_auc,true,0.0139782,0.0,0.0139782,0.0139782,1,0,artifact_results_sp/raw/quick/fig8_absolute_cost/bench_wide.csv,row0,eval_quick_sp,artifact_results_sp/configs/eval_quick.yaml,cc6a12cb9a41f1f2cd63c8b8edee329f0df3cd7e835606ac1145943d66333671,
fig8_absolute_cost,fig2_component_ablation,quick,PGM-Learned-Naive,skew_hotspot_drift_mix,PGM-Learned-Naive,naive,50000,500,0.8,,,-1,refresh_count,count,bench_wide.csv,benchmark,not_auc,true,0.0,0.0,0.0,0.0,1,0,artifact_results_sp/raw/quick/fig8_absolute_cost/bench_wide.csv,row0,eval_quick_sp,artifact_results_sp/configs/eval_quick.yaml,cc6a12cb9a41f1f2cd63c8b8edee329f0df3cd7e835606ac1145943d66333671,
fig8_absolute_cost,fig2_component_ablation,quick,PGM-Learned-Naive,skew_hotspot_drift_mix,PGM-Learned-Naive,naive,50000,500,0.8,,,-1,response_bytes,bytes,bench_wide.csv,benchmark,not_auc,true,35070.55128205128,0.0,35070.55128205128,35070.55128205128,1,0,artifact_results_sp/raw/quick/fig8_absolute_cost/bench_wide.csv,row0,eval_quick_sp,artifact_results_sp/configs/eval_quick.yaml,cc6a12cb9a41f1f2cd63c8b8edee329f0df3cd7e835606ac1145943d66333671,
fig8_absolute_cost,fig2_component_ablation,quick,PGM-Learned-Naive,skew_hotspot_drift_mix,PGM-Learned-Naive,naive,50000,500,0.8,,,-1,response_mib,MiB,derived,derived_summary,not_auc,true,0.03344588401990059,0.0,0.03344588401990059,0.03344588401990059,1,0,artifact_results_sp/raw/quick/fig8_absolute_cost/bench_wide.csv,row0,eval_quick_sp,artifact_results_sp/configs/eval_quick.yaml,cc6a12cb9a41f1f2cd63c8b8edee329f0df3cd7e835606ac1145943d66333671,
fig8_absolute_cost,fig2_component_ablation,quick,PGM-Learned-Naive,skew_hotspot_drift_mix,PGM-Learned-Naive,naive,50000,500,0.8,,,-1,scheduled_refresh_count,count,bench_wide.csv,benchmark,not_auc,true,0.0,0.0,0.0,0.0,1,0,artifact_results_sp/raw/quick/fig8_absolute_cost/bench_wide.csv,row0,eval_quick_sp,artifact_results_sp/configs/eval_quick.yaml,cc6a12cb9a41f1f2cd63c8b8edee329f0df3cd7e835606ac1145943d66333671,
fig8_absolute_cost,fig2_component_ablation,quick,PGM-Learned-Naive,skew_hotspot_drift_mix,PGM-Learned-Naive,naive,50000,500,0.8,,,-1,search_latency_ms,ms,bench_wide.csv,benchmark,not_auc,true,1.29638,0.0,1.29638,1.29638,1,0,artifact_results_sp/raw/quick/fig8_absolute_cost/bench_wide.csv,row0,eval_quick_sp,artifact_results_sp/configs/eval_quick.yaml,cc6a12cb9a41f1f2cd63c8b8edee329f0df3cd7e835606ac1145943d66333671,
fig8_absolute_cost,fig2_component_ablation,quick,PGM-Learned-Naive,skew_hotspot_drift_mix,PGM-Learned-Naive,naive,50000,500,0.8,,,-1,server_storage_bytes,bytes,bench_wide.csv,benchmark,not_auc,true,402898.0,0.0,402898.0,402898.0,1,0,artifact_results_sp/raw/quick/fig8_absolute_cost/bench_wide.csv,row0,eval_quick_sp,artifact_results_sp/configs/eval_quick.yaml,cc6a12cb9a41f1f2cd63c8b8edee329f0df3cd7e835606ac1145943d66333671,
fig8_absolute_cost,fig2_component_ablation,quick,PGM-Learned-Naive,skew_hotspot_drift_mix,PGM-Learned-Naive,naive,50000,500,0.8,,,-1,server_storage_mib,MiB,derived,derived_summary,not_auc,true,0.3842334747314453,0.0,0.3842334747314453,0.3842334747314453,1,0,artifact_results_sp/raw/quick/fig8_absolute_cost/bench_wide.csv,row0,eval_quick_sp,artifact_results_sp/configs/eval_quick.yaml,cc6a12cb9a41f1f2cd63c8b8edee329f0df3cd7e835606ac1145943d66333671,
fig8_absolute_cost,fig2_component_ablation,quick,PGM-Learned-Naive,skew_hotspot_drift_mix,PGM-Learned-Naive,naive,50000,500,0.8,,,-1,update_latency_ms,ms,bench_wide.csv,benchmark,not_auc,true,0.0143673,0.0,0.0143673,0.0143673,1,0,artifact_results_sp/raw/quick/fig8_absolute_cost/bench_wide.csv,row0,eval_quick_sp,artifact_results_sp/configs/eval_quick.yaml,cc6a12cb9a41f1f2cd63c8b8edee329f0df3cd7e835606ac1145943d66333671,
