profile,paper_fig,source_csv,sha256
paper_full,fig6_mechanism,artifact_results_sp/raw/paper_full/fig6_mechanism/fig_mechanism_cell_load_touch_skew.csv,50ccd9e6be30c624c4ca620a905aaa301afbf7b31e83d563a549442c095e75f7
paper_full,fig7_attack_auc,artifact_results_sp/raw/paper_full/fig7_attack_auc/attacks/fig2__LOCI-Full__synthetic__skew_hotspot_drift_mix__N1000000__s0.csv,4559a526570a0ac9dbfd72ac102cd0a09b685ad4a615e7ebcb6037c0c5f0d29e
paper_full,fig7_attack_auc,artifact_results_sp/raw/paper_full/fig7_attack_auc/attacks/fig2__LOCI-Full__synthetic__skew_hotspot_drift_mix__N1000000__s1.csv,0bb2ecd0b7dd52e8733b3e9fe944fd7d833cdd8abd457a782256741fc76f16d3
paper_full,fig7_attack_auc,artifact_results_sp/raw/paper_full/fig7_attack_auc/attacks/fig2__LOCI-Full__synthetic__skew_hotspot_drift_mix__N1000000__s2.csv,1a97b31688e025b2aa23aa64877613689d5872d939f739bc3d4e796d838077ca
paper_full,fig7_attack_auc,artifact_results_sp/raw/paper_full/fig7_attack_auc/attacks/fig2__LOCI-NoCert__synthetic__skew_hotspot_drift_mix__N1000000__s0.csv,19756ccf690a8bfec918ee5a01f70b908593377f09e1e22fb2cce1283286e166
paper_full,fig7_attack_auc,artifact_results_sp/raw/paper_full/fig7_attack_auc/attacks/fig2__LOCI-NoCert__synthetic__skew_hotspot_drift_mix__N1000000__s1.csv,ef9044b64168eaeaf5d57ca1a7835d7c218e5ac5917dd71bb13fda4799131042
paper_full,fig7_attack_auc,artifact_results_sp/raw/paper_full/fig7_attack_auc/attacks/fig2__LOCI-NoCert__synthetic__skew_hotspot_drift_mix__N1000000__s2.csv,accd8b3590dc6c6b2766d961b9836734843e7bc734b31855a70ce159521d026c
paper_full,fig7_attack_auc,artifact_results_sp/raw/paper_full/fig7_attack_auc/attacks/fig2__LOCI-NoPad__synthetic__skew_hotspot_drift_mix__N1000000__s0.csv,f0efffca11becc5a6ebf2128ae1f27ae435268f4afb0253b6dd471cd1a47ec9b
paper_full,fig7_attack_auc,artifact_results_sp/raw/paper_full/fig7_attack_auc/attacks/fig2__LOCI-NoPad__synthetic__skew_hotspot_drift_mix__N1000000__s1.csv,bd373c48c5e5e8809e707654abec5b0ec1675b76e9d129d51afaf97bb554578c
paper_full,fig7_attack_auc,artifact_results_sp/raw/paper_full/fig7_attack_auc/attacks/fig2__LOCI-NoPad__synthetic__skew_hotspot_drift_mix__N1000000__s2.csv,052bcb76bfd9b00a51f399ccde1bf93405113bf39d50165e6d4578b32683e51d
paper_full,fig7_attack_auc,artifact_results_sp/raw/paper_full/fig7_attack_auc/attacks/fig2__LOCI-NoProto__synthetic__skew_hotspot_drift_mix__N1000000__s0.csv,02e9ddb9a11168ee3fc6ad72b6e47b2439932f59efe3dc372bce2ea9a85d9ec0
paper_full,fig7_attack_auc,artifact_results_sp/raw/paper_full/fig7_attack_auc/attacks/fig2__LOCI-NoProto__synthetic__skew_hotspot_drift_mix__N1000000__s1.csv,4751554c50ce918c32a841671217b6d4d008191057dbdb092b65039618da09d5
paper_full,fig7_attack_auc,artifact_results_sp/raw/paper_full/fig7_attack_auc/attacks/fig2__LOCI-NoProto__synthetic__skew_hotspot_drift_mix__N1000000__s2.csv,7a12e0b842f4fa7c79bbbae1a25853dd57869fc3ddd905ef7ed4151488ec4464
paper_full,fig7_attack_auc,artifact_results_sp/raw/paper_full/fig7_attack_auc/attacks/fig2__LOCI-NoPublicRefresh__synthetic__skew_hotspot_drift_mix__N1000000__s0.csv,e5f3f4e72c55786fc67a542efc964becf6dc5409bbe152f9b459a8ac0b1cfd81
paper_full,fig7_attack_auc,artifact_results_sp/raw/paper_full/fig7_attack_auc/attacks/fig2__LOCI-NoPublicRefresh__synthetic__skew_hotspot_drift_mix__N1000000__s1.csv,e06efe0dfb82d2db06882b9a2160b65b71d1ffff5bbe8a8bc2f6c0976c90ceb1
paper_full,fig7_attack_auc,artifact_results_sp/raw/paper_full/fig7_attack_auc/attacks/fig2__LOCI-NoPublicRefresh__synthetic__skew_hotspot_drift_mix__N1000000__s2.csv,eeb1a7b51187c503c3cacd294e9ba4637297fece718266f1139216ddd4379d4b
paper_full,fig8_absolute_cost,artifact_results_sp/raw/paper_full/fig8_absolute_cost/bench_wide.csv,d2e749623f8eedc8aa0a1ab91047ca1a4c12cb2ad6d49ec17d556b3a256ffaf4
paper_full,fig9_scale_select,artifact_results_sp/raw/paper_full/fig9_scale_select/bench_wide.csv,d8e06b01b6bda0c0b1fc1f3c121e5e086253804edbed72e6f8ce00d30f764ad7
paper_full,fig10_workload,artifact_results_sp/raw/paper_full/fig10_workload/attacks/fig4__LOCI-Full__synthetic__burst__N1000000__s0.csv,06e6dd980ead820d78c3f031746bd5394f863de72a7af573ec869dc6fede339e
paper_full,fig10_workload,artifact_results_sp/raw/paper_full/fig10_workload/attacks/fig4__LOCI-Full__synthetic__burst__N1000000__s1.csv,8e917b202aaa4eb2240c1d5d72bd2b4aee208cedfe7a488bbcad234a32744299
paper_full,fig10_workload,artifact_results_sp/raw/paper_full/fig10_workload/attacks/fig4__LOCI-Full__synthetic__burst__N1000000__s2.csv,1ad15043ab8629ff87942b5b4735b632353be79efc9307cd652054efc5ab68e9
paper_full,fig10_workload,artifact_results_sp/raw/paper_full/fig10_workload/attacks/fig4__LOCI-Full__synthetic__drift__N1000000__s0.csv,764ba8b5d967f7221875dd0c79b56e463f0595d7ca23c153fb44c73b90d4a658
paper_full,fig10_workload,artifact_results_sp/raw/paper_full/fig10_workload/attacks/fig4__LOCI-Full__synthetic__drift__N1000000__s1.csv,a28a3461303a66b8739df9f6837b47911ad46130134f17394f5e65d6c27d6935
paper_full,fig10_workload,artifact_results_sp/raw/paper_full/fig10_workload/attacks/fig4__LOCI-Full__synthetic__drift__N1000000__s2.csv,03af8988abeaed501e57783fe5da3f011043237f0f05fcb84eee17820bcb6bd9
paper_full,fig10_workload,artifact_results_sp/raw/paper_full/fig10_workload/attacks/fig4__LOCI-Full__synthetic__hotspot__N1000000__s0.csv,d82bfd247227a014ebf238eb311b43bc04d7ece1602f95f3c4f6672586cde829
paper_full,fig10_workload,artifact_results_sp/raw/paper_full/fig10_workload/attacks/fig4__LOCI-Full__synthetic__hotspot__N1000000__s1.csv,fff71f1f0c44e16709c2025e93834d262d29772742ab556ce065987411aead15
paper_full,fig10_workload,artifact_results_sp/raw/paper_full/fig10_workload/attacks/fig4__LOCI-Full__synthetic__hotspot__N1000000__s2.csv,520471922f252d7d70f80fa1eccf310844d8ff6030e119277953bc3935624ee4
paper_full,fig10_workload,artifact_results_sp/raw/paper_full/fig10_workload/attacks/fig4__LOCI-Full__synthetic__structured__N1000000__s0.csv,769c512e1ee19c1a649e8522e240ddaa9ac54da589e7cb1b0e07615c5e8acb9f
paper_full,fig10_workload,artifact_results_sp/raw/paper_full/fig10_workload/attacks/fig4__LOCI-Full__synthetic__structured__N1000000__s1.csv,464e4a7fb53a537ff794f4588e3d715f829b644a85d8f549d4024762469ad871
paper_full,fig10_workload,artifact_results_sp/raw/paper_full/fig10_workload/attacks/fig4__LOCI-Full__synthetic__structured__N1000000__s2.csv,60e19dd10a09d7064d0eaaf34d8589393a903ee6244b7bbfeeea7ef2462dd831
paper_full,fig10_workload,artifact_results_sp/raw/paper_full/fig10_workload/attacks/fig4__LOCI-Full__synthetic__uniform__N1000000__s0.csv,d0728b4de1490d4f1f4c9899af1ff30f5368a375813e6e40fff685098e522a98
paper_full,fig10_workload,artifact_results_sp/raw/paper_full/fig10_workload/attacks/fig4__LOCI-Full__synthetic__uniform__N1000000__s1.csv,2c75c856f1e00f3311afa3f0fd598df9af57035892d056568c02431ddb40af0f
paper_full,fig10_workload,artifact_results_sp/raw/paper_full/fig10_workload/attacks/fig4__LOCI-Full__synthetic__uniform__N1000000__s2.csv,b601da780e51f3d186c9fbc7a60697199d031e2e7aae6ccb780604a79d36673b
paper_full,fig10_workload,artifact_results_sp/raw/paper_full/fig10_workload/attacks/fig4__LOCI-NoPad__synthetic__burst__N1000000__s0.csv,4700663053a738a0c7c45c89ba23723df16fe637e5738d38bf11e83bfcc3e5b8
paper_full,fig10_workload,artifact_results_sp/raw/paper_full/fig10_workload/attacks/fig4__LOCI-NoPad__synthetic__burst__N1000000__s1.csv,3231f235b483746d785ea84877235a68808d0f3d59553891ea17d216e66a427b
paper_full,fig10_workload,artifact_results_sp/raw/paper_full/fig10_workload/attacks/fig4__LOCI-NoPad__synthetic__burst__N1000000__s2.csv,ddb752a1df91733cf6e240ef1fc55de321b7c0a7bf5594d8395098762b2d60a9
paper_full,fig10_workload,artifact_results_sp/raw/paper_full/fig10_workload/attacks/fig4__LOCI-NoPad__synthetic__drift__N1000000__s0.csv,d663a93fdbc67ea1d6695b9c71405cc16357891aa919c133d7fd4dfdabc43ee1
paper_full,fig10_workload,artifact_results_sp/raw/paper_full/fig10_workload/attacks/fig4__LOCI-NoPad__synthetic__drift__N1000000__s1.csv,a155be8563aaa945c25420e06759a971fa950ae049687d292a5838340553ce6b
paper_full,fig10_workload,artifact_results_sp/raw/paper_full/fig10_workload/attacks/fig4__LOCI-NoPad__synthetic__drift__N1000000__s2.csv,d2e6bd2bd4e0295e065e269a1ae4cb40eadd83b415826f83dcc0ecbc819883fd
paper_full,fig10_workload,artifact_results_sp/raw/paper_full/fig10_workload/attacks/fig4__LOCI-NoPad__synthetic__hotspot__N1000000__s0.csv,5d0b9458d00d123e6464709a914af6e44f1e8b314d4bb008c5179db618e80daa
paper_full,fig10_workload,artifact_results_sp/raw/paper_full/fig10_workload/attacks/fig4__LOCI-NoPad__synthetic__hotspot__N1000000__s1.csv,faa966f11e4e2f406059bd17c3b4cb84890937816eb124d10988fa5b4ba0ea7d
paper_full,fig10_workload,artifact_results_sp/raw/paper_full/fig10_workload/attacks/fig4__LOCI-NoPad__synthetic__hotspot__N1000000__s2.csv,fea7fdef3fc7998bdcc7408dafc4b6cfc19fb880ac71f813b06f8e7dafc70bc2
paper_full,fig10_workload,artifact_results_sp/raw/paper_full/fig10_workload/attacks/fig4__LOCI-NoPad__synthetic__structured__N1000000__s0.csv,41c6be492cab1ed580e76fd0538dc4982b2ce758b13f4f158d63eef31085f852
paper_full,fig10_workload,artifact_results_sp/raw/paper_full/fig10_workload/attacks/fig4__LOCI-NoPad__synthetic__structured__N1000000__s1.csv,19161281bf3f44f48fe89822daea7ae3f0a83ea467e13548cbb38a429e1f5d74
paper_full,fig10_workload,artifact_results_sp/raw/paper_full/fig10_workload/attacks/fig4__LOCI-NoPad__synthetic__structured__N1000000__s2.csv,a08c9c00c2301dba17cb2e71fade149936bdcb502de593b24f5f29ec21929712
paper_full,fig10_workload,artifact_results_sp/raw/paper_full/fig10_workload/attacks/fig4__LOCI-NoPad__synthetic__uniform__N1000000__s0.csv,07d28a2dec1e03335aac03bb06270a28ed2fc1ea73c6b651543cdb8550ba9988
paper_full,fig10_workload,artifact_results_sp/raw/paper_full/fig10_workload/attacks/fig4__LOCI-NoPad__synthetic__uniform__N1000000__s1.csv,61760f107ac5cf517eafbc386b96a98f0491e564ac1ff53bfd9d5676ac1da301
paper_full,fig10_workload,artifact_results_sp/raw/paper_full/fig10_workload/attacks/fig4__LOCI-NoPad__synthetic__uniform__N1000000__s2.csv,ea66a7f72ac909cd0b96bd4201ca9d4073da80e5cc117134c0b6a7a2f1aefc67
paper_full,fig10_workload,artifact_results_sp/raw/paper_full/fig10_workload/attacks/fig4__LOCI-NoPublicRefresh__synthetic__burst__N1000000__s0.csv,09a083ed9a0478e9e32c04b898e0e10f05105d30c52440b0001e8518fd59ed19
paper_full,fig10_workload,artifact_results_sp/raw/paper_full/fig10_workload/attacks/fig4__LOCI-NoPublicRefresh__synthetic__burst__N1000000__s1.csv,93da38f0d8b269349b8efb21d1768d0af5ef1076697b6ddcc2b48d3b7402ab3f
paper_full,fig10_workload,artifact_results_sp/raw/paper_full/fig10_workload/attacks/fig4__LOCI-NoPublicRefresh__synthetic__burst__N1000000__s2.csv,5a1e8c90428c28c4f143c5b02b644239113a77484b84f333af0b29dca50ff555
paper_full,fig10_workload,artifact_results_sp/raw/paper_full/fig10_workload/attacks/fig4__LOCI-NoPublicRefresh__synthetic__drift__N1000000__s0.csv,eef892936ff0cf0d862802da10a01150987fc579a7171f04d2d0879582dd7db8
paper_full,fig10_workload,artifact_results_sp/raw/paper_full/fig10_workload/attacks/fig4__LOCI-NoPublicRefresh__synthetic__drift__N1000000__s1.csv,ce920559024410148130557e38b29309f12af0a79a42b1602950d83eb6b5b95b
paper_full,fig10_workload,artifact_results_sp/raw/paper_full/fig10_workload/attacks/fig4__LOCI-NoPublicRefresh__synthetic__drift__N1000000__s2.csv,5975a0b2978baabdac188c4a587fabcb1c4076e83126f19deef5806bdb47a438
paper_full,fig10_workload,artifact_results_sp/raw/paper_full/fig10_workload/attacks/fig4__LOCI-NoPublicRefresh__synthetic__hotspot__N1000000__s0.csv,1914ae5e25966a8281873081935be70489ddc535628287ee19b43e4b768ef06f
paper_full,fig10_workload,artifact_results_sp/raw/paper_full/fig10_workload/attacks/fig4__LOCI-NoPublicRefresh__synthetic__hotspot__N1000000__s1.csv,8aefc4f68833f228933af55bb3e524e92a61abea9d83895046574cbbaa196a6c
paper_full,fig10_workload,artifact_results_sp/raw/paper_full/fig10_workload/attacks/fig4__LOCI-NoPublicRefresh__synthetic__hotspot__N1000000__s2.csv,20a67df23e345818b8e0cdcf10fce7282b63f4195dd6802a88635d391d0dab89
paper_full,fig10_workload,artifact_results_sp/raw/paper_full/fig10_workload/attacks/fig4__LOCI-NoPublicRefresh__synthetic__structured__N1000000__s0.csv,a0d859bfa60777cc447b09823bc1ce71ee3021d700df3cb929d071b7805f22eb
paper_full,fig10_workload,artifact_results_sp/raw/paper_full/fig10_workload/attacks/fig4__LOCI-NoPublicRefresh__synthetic__structured__N1000000__s1.csv,84984dfe85577b073b9f05d36105ca739ed920a14e15b13700607d1a77bf63c5
paper_full,fig10_workload,artifact_results_sp/raw/paper_full/fig10_workload/attacks/fig4__LOCI-NoPublicRefresh__synthetic__structured__N1000000__s2.csv,b9c1e246f46904f5d7aabf1e4c53e260c93f6aa16e3d25be17fb603e2d6346fb
paper_full,fig10_workload,artifact_results_sp/raw/paper_full/fig10_workload/attacks/fig4__LOCI-NoPublicRefresh__synthetic__uniform__N1000000__s0.csv,c830df42ad9463e54da3a8cb7fbe381d99ea72146656a85179a7d97c7527b48d
paper_full,fig10_workload,artifact_results_sp/raw/paper_full/fig10_workload/attacks/fig4__LOCI-NoPublicRefresh__synthetic__uniform__N1000000__s1.csv,67602d497f2f81445f31727995ef7c9e3c0cbd041b5de476008b23702bd284e5
paper_full,fig10_workload,artifact_results_sp/raw/paper_full/fig10_workload/attacks/fig4__LOCI-NoPublicRefresh__synthetic__uniform__N1000000__s2.csv,499f10676dc7ef77aaa070565ec58ce6df931a790914635d3c0a0223da8ac998
paper_full,fig10_workload,artifact_results_sp/raw/paper_full/fig10_workload/attacks/fig4__PGM-Learned-Naive__synthetic__burst__N1000000__s0.csv,d7cabef3f756127a20eeda3b1e03bc3279d9b5c430960e175330fa34c2544229
paper_full,fig10_workload,artifact_results_sp/raw/paper_full/fig10_workload/attacks/fig4__PGM-Learned-Naive__synthetic__burst__N1000000__s1.csv,532e267cc8a35cca867de3544b0d4f497e164cff84c3ab2f648c62027772448e
paper_full,fig10_workload,artifact_results_sp/raw/paper_full/fig10_workload/attacks/fig4__PGM-Learned-Naive__synthetic__burst__N1000000__s2.csv,c0e06f5abd7568f23e169c5d569179cfc6fb9b529b6ea5975dbe5681ca205076
paper_full,fig10_workload,artifact_results_sp/raw/paper_full/fig10_workload/attacks/fig4__PGM-Learned-Naive__synthetic__drift__N1000000__s0.csv,6ca175407960bcd5a3e5e6ea7b4968394a5c20774ad99aa12f6440cf1734d358
paper_full,fig10_workload,artifact_results_sp/raw/paper_full/fig10_workload/attacks/fig4__PGM-Learned-Naive__synthetic__drift__N1000000__s1.csv,413c2c9382f5bc34734e5d4a85818f02b4a30c615fa3ab7b0246a09744534c6e
paper_full,fig10_workload,artifact_results_sp/raw/paper_full/fig10_workload/attacks/fig4__PGM-Learned-Naive__synthetic__drift__N1000000__s2.csv,033afca2521984b47918c05bfbfad88c233ff34d36c17ec278e2a964c1335829
paper_full,fig10_workload,artifact_results_sp/raw/paper_full/fig10_workload/attacks/fig4__PGM-Learned-Naive__synthetic__hotspot__N1000000__s0.csv,fd38bcee503219e40312b9d49d71d6d8295ae1cf9ae63cb1fd476a79da4350e2
paper_full,fig10_workload,artifact_results_sp/raw/paper_full/fig10_workload/attacks/fig4__PGM-Learned-Naive__synthetic__hotspot__N1000000__s1.csv,c811c31f813e6c42b9d494ba731c0bf1bbad1435937bfe8d71b1c13269616935
paper_full,fig10_workload,artifact_results_sp/raw/paper_full/fig10_workload/attacks/fig4__PGM-Learned-Naive__synthetic__hotspot__N1000000__s2.csv,22358f3f92adb74076051bea3bc5931916950df92497c2694e97e1b7305fd5af
paper_full,fig10_workload,artifact_results_sp/raw/paper_full/fig10_workload/attacks/fig4__PGM-Learned-Naive__synthetic__structured__N1000000__s0.csv,4dffd3dcc0e512d5a57078b4baa57307f93d65222e5a03dac0f8b22a403e66f6
paper_full,fig10_workload,artifact_results_sp/raw/paper_full/fig10_workload/attacks/fig4__PGM-Learned-Naive__synthetic__structured__N1000000__s1.csv,2cdaa917e728791297e2eb832919696ac15024521bc1ec282beb41e6cfa61ed3
paper_full,fig10_workload,artifact_results_sp/raw/paper_full/fig10_workload/attacks/fig4__PGM-Learned-Naive__synthetic__structured__N1000000__s2.csv,d0272f9bf44efe6215575409e779bbae25d3c1de4eb17dad256602724f98a1c5
paper_full,fig10_workload,artifact_results_sp/raw/paper_full/fig10_workload/attacks/fig4__PGM-Learned-Naive__synthetic__uniform__N1000000__s0.csv,69c1eeb13e241bb99b597fae9432adc363c08cc589ce7b922fd6cdaee2e16e9a
paper_full,fig10_workload,artifact_results_sp/raw/paper_full/fig10_workload/attacks/fig4__PGM-Learned-Naive__synthetic__uniform__N1000000__s1.csv,c707be6a008283b4999c1760b85aa135a2d3eb4ab287a089d48fcc120502c632
paper_full,fig10_workload,artifact_results_sp/raw/paper_full/fig10_workload/attacks/fig4__PGM-Learned-Naive__synthetic__uniform__N1000000__s2.csv,bf0725a494f12c62325316f2f175d47a259d7fc1f5d9b57f97c582035afd3a79
paper_full,fig11_real_trace,artifact_results_sp/raw/paper_full/fig11_real_trace/attacks/fig5__FixedCell-Bitmap__geolife_lat__real_temporal__N200000__s0__dataset_N200000.csv,c5035da8bd438484f93550e40fa7338a08f801b86f3dea777b959a828e3cf6a3
paper_full,fig11_real_trace,artifact_results_sp/raw/paper_full/fig11_real_trace/attacks/fig5__FixedCell-Bitmap__geolife_lat__real_temporal__N200000__s1__dataset_N200000.csv,3839f38fcaa274db0ca962a5a6b4156d185df58401d312e1dea98687c9090c1c
paper_full,fig11_real_trace,artifact_results_sp/raw/paper_full/fig11_real_trace/attacks/fig5__FixedCell-Bitmap__geolife_lat__real_temporal__N200000__s2__dataset_N200000.csv,a667d2ba1f5e95bfdfc469ac0b62293850b9c8da71b0a6e68fa49ede04354bff
paper_full,fig11_real_trace,artifact_results_sp/raw/paper_full/fig11_real_trace/attacks/fig5__FixedCell-Bitmap__gowalla_location__real_temporal__N200000__s0__dataset_N200000.csv,8aa16ffe136ffe703732235dc9de914b330fe70dcbdaeae58bb832687679b37c
paper_full,fig11_real_trace,artifact_results_sp/raw/paper_full/fig11_real_trace/attacks/fig5__FixedCell-Bitmap__gowalla_location__real_temporal__N200000__s1__dataset_N200000.csv,ffc4544d79fc484acdb8e1af3724653b60794a3821f38662eb1bea854b46d4d6
paper_full,fig11_real_trace,artifact_results_sp/raw/paper_full/fig11_real_trace/attacks/fig5__FixedCell-Bitmap__gowalla_location__real_temporal__N200000__s2__dataset_N200000.csv,04d6d326b265069eb1ac0288f1d8f8024dc242bc381b7ce033dc325bf5a2336f
paper_full,fig11_real_trace,artifact_results_sp/raw/paper_full/fig11_real_trace/attacks/fig5__FixedCell-Bitmap__nyc_time__real_temporal__N200000__s0__dataset_N200000.csv,818913a8a6d85d8e5245a893b3f6bc161bc485f83dc86988601c622f5b9dee5e
paper_full,fig11_real_trace,artifact_results_sp/raw/paper_full/fig11_real_trace/attacks/fig5__FixedCell-Bitmap__nyc_time__real_temporal__N200000__s1__dataset_N200000.csv,1be3c23a7947ca08e92d8b478a1cb6cc9b24156e792f00c8e479a769b9f0d2c6
paper_full,fig11_real_trace,artifact_results_sp/raw/paper_full/fig11_real_trace/attacks/fig5__FixedCell-Bitmap__nyc_time__real_temporal__N200000__s2__dataset_N200000.csv,6a819189a76b10c3c4ba3a1c50de5e2b5a2de1fb2d2e5a956143397e509511f2
paper_full,fig11_real_trace,artifact_results_sp/raw/paper_full/fig11_real_trace/attacks/fig5__LOCI-Full__geolife_lat__real_temporal__N200000__s0__dataset_N200000.csv,a6eddc348d5148a236d95dc207c7b3893f0c95239cca2037f491fb15db549963
paper_full,fig11_real_trace,artifact_results_sp/raw/paper_full/fig11_real_trace/attacks/fig5__LOCI-Full__geolife_lat__real_temporal__N200000__s1__dataset_N200000.csv,346fd64522198b8d85694e89098029f99003ef6e7d0deeaa355a7e690272a080
paper_full,fig11_real_trace,artifact_results_sp/raw/paper_full/fig11_real_trace/attacks/fig5__LOCI-Full__geolife_lat__real_temporal__N200000__s2__dataset_N200000.csv,8fa36f25d8f1bfecfc27c2f668abbdda1360dc9957aabaa934698fb5759b6972
paper_full,fig11_real_trace,artifact_results_sp/raw/paper_full/fig11_real_trace/attacks/fig5__LOCI-Full__gowalla_location__real_temporal__N200000__s0__dataset_N200000.csv,1769e386d55d12060b4ccb65b4dff542a59245f2c0547b290bedc4182e947838
paper_full,fig11_real_trace,artifact_results_sp/raw/paper_full/fig11_real_trace/attacks/fig5__LOCI-Full__gowalla_location__real_temporal__N200000__s1__dataset_N200000.csv,0c6c83413a0c70802053617beb07f4810b8c35d08ca9412a8482a3b80b0affef
paper_full,fig11_real_trace,artifact_results_sp/raw/paper_full/fig11_real_trace/attacks/fig5__LOCI-Full__gowalla_location__real_temporal__N200000__s2__dataset_N200000.csv,d51a11cf26d07781945efa144d47a80c35c3540fa7a1cc98cd4993f0e8837fa9
paper_full,fig11_real_trace,artifact_results_sp/raw/paper_full/fig11_real_trace/attacks/fig5__LOCI-Full__nyc_time__real_temporal__N200000__s0__dataset_N200000.csv,c57b5f4d4abecf5c88de77f1d067b63885c85f8e1657d14a5fb300fbff3ebf68
paper_full,fig11_real_trace,artifact_results_sp/raw/paper_full/fig11_real_trace/attacks/fig5__LOCI-Full__nyc_time__real_temporal__N200000__s1__dataset_N200000.csv,8352087643dd2a8e73c1c825adc06a250324e85116e9a1e5515e086445f98460
paper_full,fig11_real_trace,artifact_results_sp/raw/paper_full/fig11_real_trace/attacks/fig5__LOCI-Full__nyc_time__real_temporal__N200000__s2__dataset_N200000.csv,8be0ca9478cede44c503ba93dd2ed8f97defe1643769e7d1ae852263a091f8b8
paper_full,fig11_real_trace,artifact_results_sp/raw/paper_full/fig11_real_trace/attacks/fig5__PGM-Learned-Naive__geolife_lat__real_temporal__N200000__s0__dataset_N200000.csv,f88fb6c66be73051e9d1a201bcfed1b5f1b15932182ba0f8525a693b345217bc
paper_full,fig11_real_trace,artifact_results_sp/raw/paper_full/fig11_real_trace/attacks/fig5__PGM-Learned-Naive__geolife_lat__real_temporal__N200000__s1__dataset_N200000.csv,648973f3650e1a82961c524b7863e48959794e6f8ed2ac0ab204105c5964c99c
paper_full,fig11_real_trace,artifact_results_sp/raw/paper_full/fig11_real_trace/attacks/fig5__PGM-Learned-Naive__geolife_lat__real_temporal__N200000__s2__dataset_N200000.csv,154e69934d7cdb538029235aff38ab13bc2307126e7a5978be0b65086f4c503f
paper_full,fig11_real_trace,artifact_results_sp/raw/paper_full/fig11_real_trace/attacks/fig5__PGM-Learned-Naive__gowalla_location__real_temporal__N200000__s0__dataset_N200000.csv,4f75cc802251f4544f183bf8dd630bacdc30572ac3e4328452bcd9cb675ba6c4
paper_full,fig11_real_trace,artifact_results_sp/raw/paper_full/fig11_real_trace/attacks/fig5__PGM-Learned-Naive__gowalla_location__real_temporal__N200000__s1__dataset_N200000.csv,0c12fea89ad5cc946f1a80b493e7e4b1e7294299daf04d5a534531a652a62b11
paper_full,fig11_real_trace,artifact_results_sp/raw/paper_full/fig11_real_trace/attacks/fig5__PGM-Learned-Naive__gowalla_location__real_temporal__N200000__s2__dataset_N200000.csv,b97b01263eb1f915cb14749a893ceb3ab9e09964b6d9c9f8c9855fbe69a3c98f
paper_full,fig11_real_trace,artifact_results_sp/raw/paper_full/fig11_real_trace/attacks/fig5__PGM-Learned-Naive__nyc_time__real_temporal__N200000__s0__dataset_N200000.csv,f8d6ebb1766441d01857a1ef3d7aca780b55bd73cfdaf168023d2d4e0af00a4b
paper_full,fig11_real_trace,artifact_results_sp/raw/paper_full/fig11_real_trace/attacks/fig5__PGM-Learned-Naive__nyc_time__real_temporal__N200000__s1__dataset_N200000.csv,c4bbc9f6d6932bdb9ddfb4ac0b25497f8e4b528f65e5a447d89831950a072423
paper_full,fig11_real_trace,artifact_results_sp/raw/paper_full/fig11_real_trace/attacks/fig5__PGM-Learned-Naive__nyc_time__real_temporal__N200000__s2__dataset_N200000.csv,22e86e926a01a2f9da00ae2612ac884e810a4e36ce7f10ddb31bbda1d06844a0
paper_full,fig11_real_trace,artifact_results_sp/raw/paper_full/fig11_real_trace/attacks/fig5__ResponseGlobalPad__geolife_lat__real_temporal__N200000__s0__dataset_N200000.csv,bb77a1ecc6249e4df4ce93cb4f02554b344ea28d48147629db798a9a9aff9c4a
paper_full,fig11_real_trace,artifact_results_sp/raw/paper_full/fig11_real_trace/attacks/fig5__ResponseGlobalPad__geolife_lat__real_temporal__N200000__s1__dataset_N200000.csv,028e454f81f4d3b5080f4aaafad414023a1d4163015f67d417662edac795488a
paper_full,fig11_real_trace,artifact_results_sp/raw/paper_full/fig11_real_trace/attacks/fig5__ResponseGlobalPad__geolife_lat__real_temporal__N200000__s2__dataset_N200000.csv,4320812f4bcded0090826c475d3010feed4869f0303936ec08805b560bc248a0
paper_full,fig11_real_trace,artifact_results_sp/raw/paper_full/fig11_real_trace/attacks/fig5__ResponseGlobalPad__gowalla_location__real_temporal__N200000__s0__dataset_N200000.csv,869ea1db0b3e105531481928ebebeedbe0dbc36fc9d684389580429c489d33d5
paper_full,fig11_real_trace,artifact_results_sp/raw/paper_full/fig11_real_trace/attacks/fig5__ResponseGlobalPad__gowalla_location__real_temporal__N200000__s1__dataset_N200000.csv,818d6d8d7399f9cc1ff55843c582e5ac4672fa2796b70708b89fa1385f28ca0e
paper_full,fig11_real_trace,artifact_results_sp/raw/paper_full/fig11_real_trace/attacks/fig5__ResponseGlobalPad__gowalla_location__real_temporal__N200000__s2__dataset_N200000.csv,1c1916814b13aae45293ba417d893376ab58f5591c49dd24fe16814f63728de4
paper_full,fig11_real_trace,artifact_results_sp/raw/paper_full/fig11_real_trace/attacks/fig5__ResponseGlobalPad__nyc_time__real_temporal__N200000__s0__dataset_N200000.csv,07edd44ba0570df5c1ff98502b8c67e9a2c18680bf71b0f1b3b8dab0fe476fc0
paper_full,fig11_real_trace,artifact_results_sp/raw/paper_full/fig11_real_trace/attacks/fig5__ResponseGlobalPad__nyc_time__real_temporal__N200000__s1__dataset_N200000.csv,5dafc5e4d0e180304e5d1998df38009516533e761b1671b7664436a76e9bffcd
paper_full,fig11_real_trace,artifact_results_sp/raw/paper_full/fig11_real_trace/attacks/fig5__ResponseGlobalPad__nyc_time__real_temporal__N200000__s2__dataset_N200000.csv,c8485a29cf81b5161ce454321da0806b2beb86770192871314b996f8e556df5a
paper_full,fig11_real_trace,artifact_results_sp/raw/paper_full/fig11_real_trace/bench_wide.csv,78b76e28bf65d35f679ea0f72a77ebabaf7cdf0d9ec130201b9b5de2d5323676
paper_full,fig12_budget,artifact_results_sp/raw/paper_full/fig12_budget/attacks/fig6__LOCI-Full__synthetic__hotspot__N100000__s0__budget_T128_B128.csv,7e6eec31eba58aa1769dd6f940b66e52662fcb706c965d0399780982762ac1cc
paper_full,fig12_budget,artifact_results_sp/raw/paper_full/fig12_budget/attacks/fig6__LOCI-Full__synthetic__hotspot__N100000__s0__budget_T256_B256.csv,0cd45f0245c83c3ce813f699dcebc1251cfb11daa50781f0d52e1df981a3b167
paper_full,fig12_budget,artifact_results_sp/raw/paper_full/fig12_budget/attacks/fig6__LOCI-Full__synthetic__hotspot__N100000__s0__budget_T32_B32.csv,5e464feb3f82bc2cfcc056e7300fb10060b13564df21cbd847bcbd9a8d39464f
paper_full,fig12_budget,artifact_results_sp/raw/paper_full/fig12_budget/attacks/fig6__LOCI-Full__synthetic__hotspot__N100000__s0__budget_T64_B64.csv,10aef48f8b0d1baa9966779ee6941f3733df04bde863acd10dc265baa1eead0c
paper_full,fig12_budget,artifact_results_sp/raw/paper_full/fig12_budget/attacks/fig6__LOCI-Full__synthetic__hotspot__N100000__s1__budget_T128_B128.csv,d06af7d18379f12327bfe1ad39422001a531db0148a79386d52e0534b322f8b1
paper_full,fig12_budget,artifact_results_sp/raw/paper_full/fig12_budget/attacks/fig6__LOCI-Full__synthetic__hotspot__N100000__s1__budget_T256_B256.csv,4a3f247660cf7eebc39280b3541e4ba6f48a8fa4418df4baa4a9459bd5550c94
paper_full,fig12_budget,artifact_results_sp/raw/paper_full/fig12_budget/attacks/fig6__LOCI-Full__synthetic__hotspot__N100000__s1__budget_T32_B32.csv,349995156cada03f025cfb03d5cd0866007a6321f4dd9ba25faf1ff690b62fe2
paper_full,fig12_budget,artifact_results_sp/raw/paper_full/fig12_budget/attacks/fig6__LOCI-Full__synthetic__hotspot__N100000__s1__budget_T64_B64.csv,77a67446c018a39f94352a2db921b9cbe92c42c162c43b4dde55a3407d8dade0
paper_full,fig12_budget,artifact_results_sp/raw/paper_full/fig12_budget/attacks/fig6__LOCI-Full__synthetic__hotspot__N100000__s2__budget_T128_B128.csv,7d3e4d44aadd162445cbf8b1f359fcb62bf11effbd3ee4cfe160f5f68e2eeb97
paper_full,fig12_budget,artifact_results_sp/raw/paper_full/fig12_budget/attacks/fig6__LOCI-Full__synthetic__hotspot__N100000__s2__budget_T256_B256.csv,4d55d0d7e7cf4a18c97468be94ebaf1fd9d341c2dc6dbe3150c0cd04dd00cff4
paper_full,fig12_budget,artifact_results_sp/raw/paper_full/fig12_budget/attacks/fig6__LOCI-Full__synthetic__hotspot__N100000__s2__budget_T32_B32.csv,1f76abbd57aa8578f9d60f70cb6c583d1d4b268c6e482f96b88cb91d3bb070ea
paper_full,fig12_budget,artifact_results_sp/raw/paper_full/fig12_budget/attacks/fig6__LOCI-Full__synthetic__hotspot__N100000__s2__budget_T64_B64.csv,a5f4c66bbc9fa224770b797d3dd1ae17de429dfb676ab80cc4847cedffdb2078
paper_full,fig12_budget,artifact_results_sp/raw/paper_full/fig12_budget/attacks/fig6__LOCI-NoCert__synthetic__hotspot__N100000__s0__budget_T128_B128.csv,29be967e7c5cd224d1e17c1c3e6d79d2f58eae8003ec2815bb667ec523c6dd9b
paper_full,fig12_budget,artifact_results_sp/raw/paper_full/fig12_budget/attacks/fig6__LOCI-NoCert__synthetic__hotspot__N100000__s0__budget_T256_B256.csv,d3304bd26037fdab354c9ba2fcf520ff439525bd057cd99a3bda36bc7292fd79
paper_full,fig12_budget,artifact_results_sp/raw/paper_full/fig12_budget/attacks/fig6__LOCI-NoCert__synthetic__hotspot__N100000__s0__budget_T32_B32.csv,b5f956f0ac2d93f9b3783416d38262477c8397c270839f64949873955fa8f479
paper_full,fig12_budget,artifact_results_sp/raw/paper_full/fig12_budget/attacks/fig6__LOCI-NoCert__synthetic__hotspot__N100000__s0__budget_T64_B64.csv,aa7eda873c6a4e2297edffb19874fed19f5a144375f555b5f71ab3b0b6c39b13
paper_full,fig12_budget,artifact_results_sp/raw/paper_full/fig12_budget/attacks/fig6__LOCI-NoCert__synthetic__hotspot__N100000__s1__budget_T128_B128.csv,da2e9928cce87c8f83270f4189ba5d4aa9203478a3ebdab44dc5764bd09a390d
paper_full,fig12_budget,artifact_results_sp/raw/paper_full/fig12_budget/attacks/fig6__LOCI-NoCert__synthetic__hotspot__N100000__s1__budget_T256_B256.csv,fa21ee21a9f6972320dda86d25fb1c8a04d6a33283e968709670e49d8a7f97ca
paper_full,fig12_budget,artifact_results_sp/raw/paper_full/fig12_budget/attacks/fig6__LOCI-NoCert__synthetic__hotspot__N100000__s1__budget_T32_B32.csv,729a61e703c86553e5443e99e602c6ac56adeac469d17a064b80ddf812c50d76
paper_full,fig12_budget,artifact_results_sp/raw/paper_full/fig12_budget/attacks/fig6__LOCI-NoCert__synthetic__hotspot__N100000__s1__budget_T64_B64.csv,335af74f272b09a39dcfb38e28a6d2e86251f0e87e63ebd60172bd2a151fdd7f
paper_full,fig12_budget,artifact_results_sp/raw/paper_full/fig12_budget/attacks/fig6__LOCI-NoCert__synthetic__hotspot__N100000__s2__budget_T128_B128.csv,8ea73fcc70a3c6c217a988997504ba5713238759e53858383980d2fa7d581ad3
paper_full,fig12_budget,artifact_results_sp/raw/paper_full/fig12_budget/attacks/fig6__LOCI-NoCert__synthetic__hotspot__N100000__s2__budget_T256_B256.csv,ccae03469c12865414521e6638758177fcb90a0d4cc24a6a69f36d5159799342
paper_full,fig12_budget,artifact_results_sp/raw/paper_full/fig12_budget/attacks/fig6__LOCI-NoCert__synthetic__hotspot__N100000__s2__budget_T32_B32.csv,bf1fc7ddf90e192c4b05ecd7c48d7f5a8818806ca4cbba4587949097b3029e7e
paper_full,fig12_budget,artifact_results_sp/raw/paper_full/fig12_budget/attacks/fig6__LOCI-NoCert__synthetic__hotspot__N100000__s2__budget_T64_B64.csv,86ae75af633fbb8f0110a9bd7de9cd95afcb60c2eb689a0f7db54e870d8a0d7a
paper_full,fig12_budget,artifact_results_sp/raw/paper_full/fig12_budget/attacks/fig6__LOCI-NoPad__synthetic__hotspot__N100000__s0__budget_T128_B128.csv,b12103ff288ee80bdd32c55510aef20ce8eb6d3afb5040defad69c0313ec2142
paper_full,fig12_budget,artifact_results_sp/raw/paper_full/fig12_budget/attacks/fig6__LOCI-NoPad__synthetic__hotspot__N100000__s0__budget_T256_B256.csv,83170c55f5697269a7bd834edbed2425611fcf45efe304459d73d952e3baacd6
paper_full,fig12_budget,artifact_results_sp/raw/paper_full/fig12_budget/attacks/fig6__LOCI-NoPad__synthetic__hotspot__N100000__s0__budget_T32_B32.csv,2f5a837bf1710f45f7ad624a036690345121912cd6853cb483c0fdc790115b11
paper_full,fig12_budget,artifact_results_sp/raw/paper_full/fig12_budget/attacks/fig6__LOCI-NoPad__synthetic__hotspot__N100000__s0__budget_T64_B64.csv,98c32cdaf2f37a34ebe277717e45ea8c1e1593be2f4e8b4d28178c102122c0f0
paper_full,fig12_budget,artifact_results_sp/raw/paper_full/fig12_budget/attacks/fig6__LOCI-NoPad__synthetic__hotspot__N100000__s1__budget_T128_B128.csv,68f05e7c7d2297963d2345febbabecf363a42286300c24dda416495517f910cb
paper_full,fig12_budget,artifact_results_sp/raw/paper_full/fig12_budget/attacks/fig6__LOCI-NoPad__synthetic__hotspot__N100000__s1__budget_T256_B256.csv,b98e9b69341d8fc34705288e90feb3933352575abaacef0d71d55930671c5d32
paper_full,fig12_budget,artifact_results_sp/raw/paper_full/fig12_budget/attacks/fig6__LOCI-NoPad__synthetic__hotspot__N100000__s1__budget_T32_B32.csv,d4596172806b364b6907f3956befb6e5d9c7b2f3c97cf9a33302317fa6e63d91
paper_full,fig12_budget,artifact_results_sp/raw/paper_full/fig12_budget/attacks/fig6__LOCI-NoPad__synthetic__hotspot__N100000__s1__budget_T64_B64.csv,b1ec1ecc2d2ac2e77d986f305158b00bcfdc243e9328408ecff256acd5f2672f
paper_full,fig12_budget,artifact_results_sp/raw/paper_full/fig12_budget/attacks/fig6__LOCI-NoPad__synthetic__hotspot__N100000__s2__budget_T128_B128.csv,fc2606761351d0c0b4c0c9fb2f4032eaaedf3225bb68c4c70e3503cd27a2751b
paper_full,fig12_budget,artifact_results_sp/raw/paper_full/fig12_budget/attacks/fig6__LOCI-NoPad__synthetic__hotspot__N100000__s2__budget_T256_B256.csv,aba08c4131bb718009f6d26369f8e6187f661f56bbec8d68890e59f4035f4f57
paper_full,fig12_budget,artifact_results_sp/raw/paper_full/fig12_budget/attacks/fig6__LOCI-NoPad__synthetic__hotspot__N100000__s2__budget_T32_B32.csv,1434505fa86bee1ff5395e167cc8055bd0142db68ff5d4dabceed6271753fa98
paper_full,fig12_budget,artifact_results_sp/raw/paper_full/fig12_budget/attacks/fig6__LOCI-NoPad__synthetic__hotspot__N100000__s2__budget_T64_B64.csv,98e1652e2d9d42aac2136698b569058813341b3907260d27e5e71f36ad4a6773
paper_full,fig12_budget,artifact_results_sp/raw/paper_full/fig12_budget/attacks/fig6__LOCI-NoProto__synthetic__hotspot__N100000__s0__budget_T128_B128.csv,709f64230195ab692111ba3fd46716f20e5a77f52f3db7c091e50e24c1fe5b8c
paper_full,fig12_budget,artifact_results_sp/raw/paper_full/fig12_budget/attacks/fig6__LOCI-NoProto__synthetic__hotspot__N100000__s0__budget_T256_B256.csv,27d998b45f41124c990c86079ac1163ff2695b8349e0327c001640d1e66e20a9
paper_full,fig12_budget,artifact_results_sp/raw/paper_full/fig12_budget/attacks/fig6__LOCI-NoProto__synthetic__hotspot__N100000__s0__budget_T32_B32.csv,01fdf0a8a633778cd9ef94da55e160fa912cc0a5410f8a95f777d3329badf7f7
paper_full,fig12_budget,artifact_results_sp/raw/paper_full/fig12_budget/attacks/fig6__LOCI-NoProto__synthetic__hotspot__N100000__s0__budget_T64_B64.csv,50557c5ba3721f1d7f09d444da73019e5d26a511ce918b938271e9489487edc1
paper_full,fig12_budget,artifact_results_sp/raw/paper_full/fig12_budget/attacks/fig6__LOCI-NoProto__synthetic__hotspot__N100000__s1__budget_T128_B128.csv,8699e9ea6f71b44d612461e4103b54245c0686e7aecc576fe1b66a3909997334
paper_full,fig12_budget,artifact_results_sp/raw/paper_full/fig12_budget/attacks/fig6__LOCI-NoProto__synthetic__hotspot__N100000__s1__budget_T256_B256.csv,3030c24ea8aed5b707ec11163e83ae9106c5436164fb3f7870b9dea2bc951e3c
paper_full,fig12_budget,artifact_results_sp/raw/paper_full/fig12_budget/attacks/fig6__LOCI-NoProto__synthetic__hotspot__N100000__s1__budget_T32_B32.csv,61b57b448fc0514669eef2462f8927e4d2ee2987ff014727f48ac2076d9c924e
paper_full,fig12_budget,artifact_results_sp/raw/paper_full/fig12_budget/attacks/fig6__LOCI-NoProto__synthetic__hotspot__N100000__s1__budget_T64_B64.csv,d9c6f871fc9e3204dcad6f2daf1f3c55a0adde7dcd9da164ccaa2c2754471c2a
paper_full,fig12_budget,artifact_results_sp/raw/paper_full/fig12_budget/attacks/fig6__LOCI-NoProto__synthetic__hotspot__N100000__s2__budget_T128_B128.csv,ac4567b04966352976ac6f5ddb9e91dc5d94b4eba4f4faea109fe253a60648f4
paper_full,fig12_budget,artifact_results_sp/raw/paper_full/fig12_budget/attacks/fig6__LOCI-NoProto__synthetic__hotspot__N100000__s2__budget_T256_B256.csv,f8c47cfe4bcd8f6dc80729c87dfe292b3eebae8cdbc5659940430a281b8efbb2
paper_full,fig12_budget,artifact_results_sp/raw/paper_full/fig12_budget/attacks/fig6__LOCI-NoProto__synthetic__hotspot__N100000__s2__budget_T32_B32.csv,a18a92fa2f2fe156b2784bdda1423e410d683e4a6be797450dacb52e8e29f5d6
paper_full,fig12_budget,artifact_results_sp/raw/paper_full/fig12_budget/attacks/fig6__LOCI-NoProto__synthetic__hotspot__N100000__s2__budget_T64_B64.csv,efaac50b7fd2d5192b7d3f772d4291f85c1f70acf1c9625772ae94fabbae30ec
paper_full,fig12_budget,artifact_results_sp/raw/paper_full/fig12_budget/attacks/fig6__ResponseGlobalPad__synthetic__hotspot__N100000__s0__budget_T128_B128.csv,9c6d5625e0ac3a3bb3985f880710352a2f47cc1bbc0e80940a6ce21553265802
paper_full,fig12_budget,artifact_results_sp/raw/paper_full/fig12_budget/attacks/fig6__ResponseGlobalPad__synthetic__hotspot__N100000__s0__budget_T256_B256.csv,3ba4633f2a5149e520026be58e8abe5aa7d33942b29a0c449aac880f3704f302
paper_full,fig12_budget,artifact_results_sp/raw/paper_full/fig12_budget/attacks/fig6__ResponseGlobalPad__synthetic__hotspot__N100000__s0__budget_T32_B32.csv,08ec21ec7813974048c9107f5192362d40413281b01fb2bd6ce0c937385922e0
paper_full,fig12_budget,artifact_results_sp/raw/paper_full/fig12_budget/attacks/fig6__ResponseGlobalPad__synthetic__hotspot__N100000__s0__budget_T64_B64.csv,2811d61a2dd26ef527f640028bc44c7c6bae0ae13612d4e174e14d680a8e96c4
paper_full,fig12_budget,artifact_results_sp/raw/paper_full/fig12_budget/attacks/fig6__ResponseGlobalPad__synthetic__hotspot__N100000__s1__budget_T128_B128.csv,16108e63d252f5869c399f4c58ab7502fadb2de1c8aa9b32929a818b94bc4a07
paper_full,fig12_budget,artifact_results_sp/raw/paper_full/fig12_budget/attacks/fig6__ResponseGlobalPad__synthetic__hotspot__N100000__s1__budget_T256_B256.csv,b16e093ec3d1dfda9738ff0aeba4cdcb5d55f7a859d1b9987e48ffce41fe7ac4
paper_full,fig12_budget,artifact_results_sp/raw/paper_full/fig12_budget/attacks/fig6__ResponseGlobalPad__synthetic__hotspot__N100000__s1__budget_T32_B32.csv,b8e65ec8a5730904cfed165430fb75f3e313f3064ff5d9fb915db193c9496ce2
paper_full,fig12_budget,artifact_results_sp/raw/paper_full/fig12_budget/attacks/fig6__ResponseGlobalPad__synthetic__hotspot__N100000__s1__budget_T64_B64.csv,3ff196a1ab932c135cca3e7dadd1afcbac8eaa28aecd432807f45a5f143ce4f0
paper_full,fig12_budget,artifact_results_sp/raw/paper_full/fig12_budget/attacks/fig6__ResponseGlobalPad__synthetic__hotspot__N100000__s2__budget_T128_B128.csv,94390e831fab620a02242fa5d4667a6053e25129f1e319a1c518c82f96518bb3
paper_full,fig12_budget,artifact_results_sp/raw/paper_full/fig12_budget/attacks/fig6__ResponseGlobalPad__synthetic__hotspot__N100000__s2__budget_T256_B256.csv,7fdc34dda06affe9e16977dd7987cd0927a76049db2d61e623b5a5d4de4ef8e5
paper_full,fig12_budget,artifact_results_sp/raw/paper_full/fig12_budget/attacks/fig6__ResponseGlobalPad__synthetic__hotspot__N100000__s2__budget_T32_B32.csv,53db6d57461d242a3c249ee1e9eee9763490647949c60ee4f51b222b473620c9
paper_full,fig12_budget,artifact_results_sp/raw/paper_full/fig12_budget/attacks/fig6__ResponseGlobalPad__synthetic__hotspot__N100000__s2__budget_T64_B64.csv,4902cddcf6c249c105585de6aa9ff3cefe931000571b515dac7bc4fc3a863371
paper_full,fig12_budget,artifact_results_sp/raw/paper_full/fig12_budget/bench_wide.csv,def4012555d5493a5d25a32c1bc417dae131ab8230ba42eb974a85606f5d9ed1
quick,fig6_mechanism,artifact_results_sp/raw/quick/fig6_mechanism/fig_mechanism_cell_load_touch_skew.csv,a726f65573dd076fa5e8ce7aa800bb3fd6a1cd57977faf9f0a52180ea6f909b9
quick,fig7_attack_auc,artifact_results_sp/raw/quick/fig7_attack_auc/attacks/fig2__LOCI-Full__synthetic__skew_hotspot_drift_mix__N50000__s0.csv,b30e169ddff6215ca9ea9cc454e2936d15b1cd187773171a42a3fe2597dfaee2
quick,fig7_attack_auc,artifact_results_sp/raw/quick/fig7_attack_auc/attacks/fig2__LOCI-NoPad__synthetic__skew_hotspot_drift_mix__N50000__s0.csv,00111a8b336a21a2108f63a804cd10b4eccdd77440ef8e3a603e7aa2c6d6f114
quick,fig7_attack_auc,artifact_results_sp/raw/quick/fig7_attack_auc/attacks/fig2__LOCI-NoPublicRefresh__synthetic__skew_hotspot_drift_mix__N50000__s0.csv,a5af0807c20eab307849903b0c5f208d58e76a35baa45c1499e62a58c4f2eec6
quick,fig7_attack_auc,artifact_results_sp/raw/quick/fig7_attack_auc/attacks/fig2__PGM-Learned-Naive__synthetic__skew_hotspot_drift_mix__N50000__s0.csv,bdffe91d91967146d924e3ec55c91716e63ee2c646fe1a11fff9db27e733aea4
quick,fig7_attack_auc,artifact_results_sp/raw/quick/fig7_attack_auc/attacks/fig2__ResponseGlobalPad__synthetic__skew_hotspot_drift_mix__N50000__s0.csv,4a15e824bdc74f6174af4ed5dfbbe139791a28eaa7701c70a5c99e0e1ff1a0e7
quick,fig8_absolute_cost,artifact_results_sp/raw/quick/fig8_absolute_cost/bench_wide.csv,35dcaf2243e735a9d48fd0e2c3aabc7c3480fb9ef85135846a7653f62e8c2a49
quick,fig9_scale_select,artifact_results_sp/raw/quick/fig9_scale_select/bench_wide.csv,e91e03affb3c2ab3759d26ec32f484dde2c5499425814eefb1ac0c465682c0e2
quick,fig10_workload,artifact_results_sp/raw/quick/fig10_workload/attacks/fig4__LOCI-Full__synthetic__burst__N50000__s0__burst.csv,fcbb53d6b8180e0f4b55064aea9d4beb53cb144231ae162366e544adb4ecc973
quick,fig10_workload,artifact_results_sp/raw/quick/fig10_workload/attacks/fig4__LOCI-Full__synthetic__drift__N50000__s0__drift.csv,5bcc9b83297c229b13252987713769eba149d84ac1e5b99a24cfd7a128669836
quick,fig10_workload,artifact_results_sp/raw/quick/fig10_workload/attacks/fig4__LOCI-Full__synthetic__hotspot__N50000__s0__hotspot.csv,a8edec11b94fbfb64ba09541256ab58644a42ea674b06d99576db3ca6a7f3319
quick,fig10_workload,artifact_results_sp/raw/quick/fig10_workload/attacks/fig4__LOCI-Full__synthetic__structured__N50000__s0__structured.csv,dea566ae49fac9ff926158e52521d276db0aa27190f353f6eb82d0b86da5f278
quick,fig10_workload,artifact_results_sp/raw/quick/fig10_workload/attacks/fig4__LOCI-Full__synthetic__uniform__N50000__s0__uniform.csv,4e966b30c7a08c8f65baa2a1ebc734264fbd755cd29ea474e6790aed3e94406f
quick,fig10_workload,artifact_results_sp/raw/quick/fig10_workload/attacks/fig4__LOCI-NoPad__synthetic__burst__N50000__s0__burst.csv,44f71bdbc53e9bdf2a60f8ee75c9d98d19155031b73cde05c1a40906406d0972
quick,fig10_workload,artifact_results_sp/raw/quick/fig10_workload/attacks/fig4__LOCI-NoPad__synthetic__drift__N50000__s0__drift.csv,0a574f94216e2eaab14e68893726ed2d5c54af792578e2cf15aa726928566bdf
quick,fig10_workload,artifact_results_sp/raw/quick/fig10_workload/attacks/fig4__LOCI-NoPad__synthetic__hotspot__N50000__s0__hotspot.csv,10a522b7b63e72b7fa0953ad6520304c405b5404e78c4b13d73756acb11774cd
quick,fig10_workload,artifact_results_sp/raw/quick/fig10_workload/attacks/fig4__LOCI-NoPad__synthetic__structured__N50000__s0__structured.csv,39d14e3b31d76dc1df36e3f358d52e78786a404722ca6913cba4561751606504
quick,fig10_workload,artifact_results_sp/raw/quick/fig10_workload/attacks/fig4__LOCI-NoPad__synthetic__uniform__N50000__s0__uniform.csv,68d81ba98c459771f41e1cf94ba0e5b78456d476918f4c51a7c72e60fc44a6e4
quick,fig10_workload,artifact_results_sp/raw/quick/fig10_workload/attacks/fig4__LOCI-NoPublicRefresh__synthetic__burst__N50000__s0__burst.csv,d6ac3308a2eee4b5befb296c898cfec0986cf749a5c3bfebe235b2c706793576
quick,fig10_workload,artifact_results_sp/raw/quick/fig10_workload/attacks/fig4__LOCI-NoPublicRefresh__synthetic__drift__N50000__s0__drift.csv,d1d169b315c7bb9e232929ae2b2b36cb6b48aa0ad9ede3975319323bf6c0d1e2
quick,fig10_workload,artifact_results_sp/raw/quick/fig10_workload/attacks/fig4__LOCI-NoPublicRefresh__synthetic__hotspot__N50000__s0__hotspot.csv,39da5d494f81f629b67a379a6198ff0251602e80f471666d8f562f8e19d1c918
quick,fig10_workload,artifact_results_sp/raw/quick/fig10_workload/attacks/fig4__LOCI-NoPublicRefresh__synthetic__structured__N50000__s0__structured.csv,07e83432a20459b87accbaae5e411df20705f6d9b47e2316d8eeca2522bdfca5
quick,fig10_workload,artifact_results_sp/raw/quick/fig10_workload/attacks/fig4__LOCI-NoPublicRefresh__synthetic__uniform__N50000__s0__uniform.csv,2cbc24f0091f872898d48d7bcb93fe2c06c26bd773b231ba06a8bfb04050a94f
quick,fig10_workload,artifact_results_sp/raw/quick/fig10_workload/attacks/fig4__PGM-Learned-Naive__synthetic__burst__N50000__s0__burst.csv,48cc63b180a9cebfcf5f213287008e5dad64eee712096a6f0666a6f3ebd2b16d
quick,fig10_workload,artifact_results_sp/raw/quick/fig10_workload/attacks/fig4__PGM-Learned-Naive__synthetic__drift__N50000__s0__drift.csv,e4334531b04e0bf009191e7de2e873039f84c55ec3f0ed3f4411f212081c2e45
quick,fig10_workload,artifact_results_sp/raw/quick/fig10_workload/attacks/fig4__PGM-Learned-Naive__synthetic__hotspot__N50000__s0__hotspot.csv,ab787914bf555bf98fa8607502c08237b579260523f7549fcdf47d0b5424eebe
quick,fig10_workload,artifact_results_sp/raw/quick/fig10_workload/attacks/fig4__PGM-Learned-Naive__synthetic__structured__N50000__s0__structured.csv,9a845d68051551eb7eb23644cb5c29bc59704a632da116b5144deb994c07c8b2
quick,fig10_workload,artifact_results_sp/raw/quick/fig10_workload/attacks/fig4__PGM-Learned-Naive__synthetic__uniform__N50000__s0__uniform.csv,77c6614908e6dec1bb5ab3e82de89252dd8fa6d66aa948cd27f29df44941229f
quick,fig11_real_trace,artifact_results_sp/raw/quick/fig11_real_trace/attacks/fig5__LOCI-Full__geolife_lat__real_temporal__N50000__s0__dataset_N50000.csv,c1726f54a46e4f6ae06699a693a1658dddcc89cd3d68492487fcbc03653a1460
quick,fig11_real_trace,artifact_results_sp/raw/quick/fig11_real_trace/attacks/fig5__LOCI-Full__gowalla_location__real_temporal__N50000__s0__dataset_N50000.csv,629a3bae5c4b75485c47dcb2944231452601e684e6c81852de39a4a72b9b972f
quick,fig11_real_trace,artifact_results_sp/raw/quick/fig11_real_trace/attacks/fig5__LOCI-Full__nyc_time__real_temporal__N50000__s0__dataset_N50000.csv,5677af0ecb743755457c85c50173942f04e10e71b0d5b6a66fbc52a9731a9ba2
quick,fig11_real_trace,artifact_results_sp/raw/quick/fig11_real_trace/attacks/fig5__PGM-Learned-Naive__geolife_lat__real_temporal__N50000__s0__dataset_N50000.csv,484750379a276003ed46f1cea527208fc77b8def54cc5a4681b7bca01fab4419
quick,fig11_real_trace,artifact_results_sp/raw/quick/fig11_real_trace/attacks/fig5__PGM-Learned-Naive__gowalla_location__real_temporal__N50000__s0__dataset_N50000.csv,0723c37233d345a45d8afb8def31012a92724b8c39537a61a19ea8f4809e9d78
quick,fig11_real_trace,artifact_results_sp/raw/quick/fig11_real_trace/attacks/fig5__PGM-Learned-Naive__nyc_time__real_temporal__N50000__s0__dataset_N50000.csv,39f04bdde75c5726fd08fc1e97c87ff59981a527ea45776337aeeba0419f5145
quick,fig11_real_trace,artifact_results_sp/raw/quick/fig11_real_trace/attacks/fig5__ResponseGlobalPad__geolife_lat__real_temporal__N50000__s0__dataset_N50000.csv,58c711c5286021dfb9597554fa621ab8683dfbba8cb5f8cad190681fe88edf1e
quick,fig11_real_trace,artifact_results_sp/raw/quick/fig11_real_trace/attacks/fig5__ResponseGlobalPad__gowalla_location__real_temporal__N50000__s0__dataset_N50000.csv,90a18476d72a99176a3bbab4de3a9c009a62f9de1d5d02ce42278c03865a5236
quick,fig11_real_trace,artifact_results_sp/raw/quick/fig11_real_trace/attacks/fig5__ResponseGlobalPad__nyc_time__real_temporal__N50000__s0__dataset_N50000.csv,72357347fcb5c90689ae097f022e1f166491e895a029c1f474a49123180f4687
quick,fig11_real_trace,artifact_results_sp/raw/quick/fig11_real_trace/bench_wide.csv,cfcc4a4e35dff4ed8c7544a8c1100f2660a7e86d39bc4cb20a893a7ef4a4e9e5
quick,fig12_budget,artifact_results_sp/raw/quick/fig12_budget/attacks/fig6__LOCI-Full__synthetic__hotspot__N50000__s0__budget_T128_B128.csv,bbfbb76db17c46cd81642e53007ec96babdda726946e6fa9b35e9e1d1fce5189
quick,fig12_budget,artifact_results_sp/raw/quick/fig12_budget/attacks/fig6__LOCI-Full__synthetic__hotspot__N50000__s0__budget_T256_B256.csv,93518e8e9c445a5ef94f64121000718a1258ce6a4560ea4e39ebc115c97e4bfa
quick,fig12_budget,artifact_results_sp/raw/quick/fig12_budget/attacks/fig6__LOCI-Full__synthetic__hotspot__N50000__s0__budget_T32_B32.csv,f8eafa9dd30cfaf33c22588ed65f853ea485bafe02394f257e48486355da7524
quick,fig12_budget,artifact_results_sp/raw/quick/fig12_budget/attacks/fig6__LOCI-NoPad__synthetic__hotspot__N50000__s0__budget_T128_B128.csv,f58377ce5eafb0f6acdf2e6cad49c6213a20f5847c33ce79d94a3b91ceb2da8a
quick,fig12_budget,artifact_results_sp/raw/quick/fig12_budget/attacks/fig6__LOCI-NoPad__synthetic__hotspot__N50000__s0__budget_T256_B256.csv,42bb79d3ca0437378d6965392284261db48b34ff59f593418be719c23f202173
quick,fig12_budget,artifact_results_sp/raw/quick/fig12_budget/attacks/fig6__LOCI-NoPad__synthetic__hotspot__N50000__s0__budget_T32_B32.csv,f6f30cb20a01aa520651bb63643ef16c0fd5de30542b4d9383c080844ce08f2b
quick,fig12_budget,artifact_results_sp/raw/quick/fig12_budget/attacks/fig6__LOCI-NoPublicRefresh__synthetic__hotspot__N50000__s0__budget_T128_B128.csv,48f22bd96b6276abc5fd6f557de84aadb523b91f2c95697b80cc08f4ef7526b3
quick,fig12_budget,artifact_results_sp/raw/quick/fig12_budget/attacks/fig6__LOCI-NoPublicRefresh__synthetic__hotspot__N50000__s0__budget_T256_B256.csv,910c3d847af92407a39ca68e43dfcb9845e0e98ce45d1f9224088f8e8da082cd
quick,fig12_budget,artifact_results_sp/raw/quick/fig12_budget/attacks/fig6__LOCI-NoPublicRefresh__synthetic__hotspot__N50000__s0__budget_T32_B32.csv,1010ded2097a9c638fbe3bb581155d886c7f71697652dbf02b903f72d14384dd
quick,fig12_budget,artifact_results_sp/raw/quick/fig12_budget/attacks/fig6__ResponseGlobalPad__synthetic__hotspot__N50000__s0__budget_T128_B128.csv,4d0860300d717a7b92192326e5dd12c935c9a3c7926edbbdc25b31b54f880570
quick,fig12_budget,artifact_results_sp/raw/quick/fig12_budget/attacks/fig6__ResponseGlobalPad__synthetic__hotspot__N50000__s0__budget_T256_B256.csv,d5d0be951d7923b3736ef7c27635f925a7d4e98d519c2480213be73bc074b153
quick,fig12_budget,artifact_results_sp/raw/quick/fig12_budget/attacks/fig6__ResponseGlobalPad__synthetic__hotspot__N50000__s0__budget_T32_B32.csv,c5f27ba0271e31a02dda9d52b307a294cf9f91b2e5607d370fdb80b7fe11e706
quick,fig12_budget,artifact_results_sp/raw/quick/fig12_budget/bench_wide.csv,2cb964343abae002df8dc1c4ced684b5c6a6037df277062a5f15d4947e95b99b
