case,scheme,N,ops,U,B,theta,pad_pool,fanout_class,refresh_period,split_load_percent,merge_load_percent,dist,workload,variant,crypto,seed,query_ratio,selectivity,build_ms,avg_query_ms,avg_update_ms,logical_cells,active,server_bytes,lbc_boundary_count,lbc_prototype_count,lbc_repair_entries,lbc_avg_repair,lbc_desc_bytes,lbc_proto_bytes,lbc_full_bytes,lbc_log_bytes,lbc_raw_bitmap_bytes,lbc_compression_ratio,searches,updates,refreshes,splits,merges,touched_cells,fetched_objects,response_bytes,patch_bytes,refresh_bytes,guide_locates,guide_corrections,token_padding_refs,max_token_refs,max_fanout_class,log_refs,raw_log_length_exposures,max_visible_log_refs_per_cell,ordered_token_exposures,cert_capacity_class,cert_fanout_class,cert_log_class,cert_maintenance_class,cert_split_load_class,cert_merge_load_class,cert_desc_object_class,cert_proto_object_class,cert_patch_object_class,cert_full_object_class,refresh_class_events,split_class_events,merge_class_events,public_refresh_ticks,scheduled_refreshes,forced_log_refreshes,forced_capacity_splits,public_split_events,public_merge_events,cert_candidate_cells,cert_certified_cells,cert_capacity_overflow_splits,eval_cells,eval_top_k,eval_region_precision_at_k,eval_hotspot_precision_at_k,eval_log_profile_precision_at_k,eval_region_auc,eval_hotspot_auc,eval_log_growth_auc,eval_maintenance_auc,eval_log_length_correlation,eval_maintenance_correlation,eval_ambiguity_size,eval_normalized_ambiguity,eval_log_ambiguity_size,eval_normalized_log_ambiguity
PGM-Learned-Naive,pgm,10000,1000,1048576,1024,128,1024,16,64,90,25,skew,skew,naive,mock,0,0.8,-1,2.05203,0.750858,0.0167222,10,9986,84782,0,0,0,0,0,0,0,0,0,0,778,222,0,0,0,2078,24895,17404189,4662,0,1778,43,0,116,116,22817,2078,29,778,0,0,128,0,0,0,0,0,21,0,0,0,0,0,0,0,0,0,0,10,10,0,10,2,0.5,1,1,0.6875,1,1,0.5,0.994896,0,1,0.1,3,0.3
PGM-Learned-Naive,pgm,10000,1000,1048576,1024,128,1024,16,64,90,25,skew,skew,naive,mock,1,0.8,-1,1.98514,0.798724,0.0174873,10,10010,84488,0,0,0,0,0,0,0,0,0,0,792,208,0,0,0,2274,25616,19013598,4368,0,1792,22,0,113,113,23342,2274,31,792,0,0,128,0,0,0,0,0,21,0,0,0,0,0,0,0,0,0,0,10,10,0,10,2,0.5,1,1,0.6875,1,1,0.5,0.9964,0,1,0.1,1.4,0.14
PGM-Learned-Naive,pgm,10000,1000,1048576,1024,128,1024,16,64,90,25,skew,skew,naive,mock,2,0.8,-1,1.9865,0.764062,0.0178285,10,10011,84215,0,0,0,0,0,0,0,0,0,0,805,195,0,0,0,2177,23610,18196921,4095,0,1805,40,0,105,105,21433,2177,25,805,0,0,128,0,0,0,0,0,21,0,0,0,0,0,0,0,0,0,0,10,10,0,10,2,0.5,1,1,0.8125,1,1,0.5,0.997567,0,1,0.1,1.2,0.12
LOCI-Full,loci,10000,1000,1048576,1024,128,1024,16,64,90,25,skew,skew,full,mock,0,0.8,-1,55.8168,0.903356,0.757425,19,9986,2756864,9473,152,77978,8.23161,2491904,38912,4864,155648,1288328,0.478696,778,222,19,5,0,3549,754176,49226304,14208,4111360,1764,7507,293571,2048,2048,454272,0,128,0,1024,16,128,64,922,256,128,256,64,256,19,5,0,3,3,0,3,2,0,0,0,0,19,4,0.25,1,0,0.583333,1,0.5,0.55,0,0.357105,1,0.0526316,19,1
LOCI-Full,loci,10000,1000,1048576,1024,128,1024,16,64,90,25,skew,skew,full,mock,1,0.8,-1,54.8866,0.874332,0.812505,19,10010,2756864,9455,152,77716,8.21957,2491904,38912,4864,155648,1285880,0.477786,792,208,20,5,0,3513,738304,48208576,13312,4252544,1802,7771,282289,2048,2048,449664,0,128,0,1024,16,128,64,922,256,128,256,64,256,20,5,0,3,3,0,4,1,0,0,0,0,19,4,0.25,1,0,0.533333,1,0.5,0.35,0,0.156335,1,0.0526316,19,1
LOCI-Full,loci,10000,1000,1048576,1024,128,1024,16,64,90,25,skew,skew,full,mock,2,0.8,-1,55.7271,0.751033,0.854248,20,10011,2897920,9492,160,76106,8.01791,2622464,40960,5120,163840,1290912,0.455769,805,195,18,6,0,3044,600832,39325120,12480,4253056,1816,5509,205263,2048,2048,389632,0,128,0,1024,16,128,64,922,256,128,256,64,256,18,6,0,3,3,0,4,2,0,0,0,0,20,4,0.5,1,0,0.6875,1,0.5,0.359375,0,0.14456,1,0.05,20,1
PGM-Learned-GlobalPad,pgm,10000,1000,1048576,1024,128,1024,16,64,90,25,skew,skew,globalpad,mock,0,0.8,-1,2.91402,1.28317,0.0202886,10,9986,376832,0,0,0,0,0,0,0,0,0,0,778,222,3,0,0,2078,1003620,98144640,14208,73728,1778,43,735558,1290,1290,265984,0,128,0,1152,1290,128,64,0,0,0,0,64,16384,3,0,0,3,3,0,0,0,0,10,10,0,10,2,0.5,1,0,0.625,1,0.5,0.3125,0,-0.614135,1,0.1,10,1
PGM-Learned-GlobalPad,pgm,10000,1000,1048576,1024,128,1024,16,64,90,25,skew,skew,globalpad,mock,1,0.8,-1,2.8644,1.35122,0.0222961,10,10010,376832,0,0,0,0,0,0,0,0,0,0,792,208,3,0,0,2274,1021680,102499200,13312,73728,1792,22,728334,1290,1290,291072,0,128,0,1152,1290,128,64,0,0,0,0,64,16384,3,0,0,3,3,0,0,0,0,10,10,0,10,2,0.5,1,0,0.8125,1,0.5,0.3125,0,-0.771361,1,0.1,10,1
PGM-Learned-GlobalPad,pgm,10000,1000,1048576,1024,128,1024,16,64,90,25,skew,skew,globalpad,mock,2,0.8,-1,2.86663,1.30955,0.0222145,10,10011,376832,0,0,0,0,0,0,0,0,0,0,805,195,3,0,0,2177,1038450,101989440,12480,73728,1805,40,757617,1290,1290,278656,0,128,0,1152,1290,128,64,0,0,0,0,64,16384,3,0,0,3,3,0,0,0,0,10,10,0,10,2,0,1,0,0.5625,1,0.5,0.3125,0,-0.596784,1,0.1,10,1
FixedCell-Bitmap,fixedcell,10000,1000,1048576,1024,128,1024,16,64,90,25,skew,skew,bitmap,mock,0,0.8,-1,1.90444,0.950944,0.0557091,10,9986,84782,0,0,0,0,0,0,0,0,0,0,778,222,0,0,0,832,31384,23632120,4662,0,0,0,0,137,137,30552,832,126,778,0,0,128,0,0,0,0,0,21,0,0,0,0,0,0,0,0,0,0,10,10,0,10,2,0.5,1,1,0.9375,0.96875,0.96875,0.5,0.999827,0,1,0.1,1.6,0.16
FixedCell-Bitmap,fixedcell,10000,1000,1048576,1024,128,1024,16,64,90,25,skew,skew,bitmap,mock,1,0.8,-1,1.90988,0.978764,0.0692403,10,10010,84488,0,0,0,0,0,0,0,0,0,0,792,208,0,0,0,860,31094,25104794,4368,0,0,0,0,120,120,30234,860,119,792,0,0,128,0,0,0,0,0,21,0,0,0,0,0,0,0,0,0,0,10,10,0,10,2,0.5,1,1,0.6875,1,1,0.5,0.999999,0,1,0.1,1.8,0.18
FixedCell-Bitmap,fixedcell,10000,1000,1048576,1024,128,1024,16,64,90,25,skew,skew,bitmap,mock,2,0.8,-1,1.91791,0.97557,0.0655655,10,10011,84215,0,0,0,0,0,0,0,0,0,0,805,195,0,0,0,869,31387,25111378,4095,0,0,0,0,132,132,30518,869,119,805,0,0,128,0,0,0,0,0,21,0,0,0,0,0,0,0,0,0,0,10,10,0,10,2,0.5,1,1,0.9375,1,1,0.5,0.99996,0,1,0.1,1.8,0.18
PGM-Learned-Naive,pgm,25000,1000,1048576,1024,128,1024,16,64,90,25,skew,skew,naive,mock,0,0.8,-1,5.32391,1.76934,0.019076,25,24986,204962,0,0,0,0,0,0,0,0,0,0,778,222,0,0,0,4231,22993,34999526,4662,0,1778,28,0,108,108,18762,4231,15,778,0,0,128,0,0,0,0,0,21,0,0,0,0,0,0,0,0,0,0,25,25,0,25,5,0.2,1,1,0.5,1,0.99,0.5,0.990439,0,1,0.04,3.88,0.1552
PGM-Learned-Naive,pgm,25000,1000,1048576,1024,128,1024,16,64,90,25,skew,skew,naive,mock,1,0.8,-1,5.31647,1.7843,0.0219709,25,25010,204668,0,0,0,0,0,0,0,0,0,0,792,208,0,0,0,4330,24030,35860220,4368,0,1792,28,0,114,114,19700,4330,16,792,0,0,128,0,0,0,0,0,21,0,0,0,0,0,0,0,0,0,0,25,25,0,25,5,0.2,1,1,0.64,0.99,0.99,0.5,0.994379,0,1,0.04,3.08,0.1232
PGM-Learned-Naive,pgm,25000,1000,1048576,1024,128,1024,16,64,90,25,skew,skew,naive,mock,2,0.8,-1,5.29644,1.81521,0.0193618,25,25011,204395,0,0,0,0,0,0,0,0,0,0,805,195,0,0,0,4478,21962,37027876,4095,0,1805,47,0,107,107,17484,4478,20,805,0,0,128,0,0,0,0,0,21,0,0,0,0,0,0,0,0,0,0,25,25,0,25,5,0,1,1,0.41,0.99,0.99,0.5,0.998416,0,1,0.04,3.32,0.1328
LOCI-Full,loci,25000,1000,1048576,1024,128,1024,16,64,90,25,skew,skew,full,mock,0,0.8,-1,135.719,2.3963,1.4523,44,24986,6496512,22112,352,186952,8.45478,5772544,90112,11264,360448,3007232,0.482364,778,222,23,9,0,6725,1420544,92486656,14208,5812096,1764,16202,550184,4096,4096,860800,0,128,0,1024,16,128,64,922,256,128,256,64,256,23,9,0,3,3,0,7,2,0,0,0,0,44,9,0.222222,1,0,0.606349,0.996825,0.5,0.439683,0,0.0651975,1.04545,0.0237603,44,1
LOCI-Full,loci,25000,1000,1048576,1024,128,1024,16,64,90,25,skew,skew,full,mock,1,0.8,-1,136.776,2.68843,1.85054,52,25010,7626496,22036,416,179074,8.12643,6818560,106496,13312,425984,2996896,0.406946,792,208,24,14,0,7595,1557248,101409600,13312,7367552,1802,20263,574577,4096,4096,972160,0,128,0,1024,16,128,64,922,256,128,256,64,256,24,14,0,3,3,0,14,0,0,0,0,0,52,11,0.454545,1,0.272727,0.776053,0.988914,0.5,0.409091,0,0.0228692,1.26923,0.0244083,52,1
LOCI-Full,loci,25000,1000,1048576,1024,128,1024,16,64,90,25,skew,skew,full,mock,2,0.8,-1,135.404,2.53502,1.90226,46,25011,6778496,22041,368,185236,8.40416,6033536,94208,11776,376832,2997576,0.460008,805,195,28,10,0,7449,1498624,97633856,12480,6803840,1816,17336,534747,4096,4096,953472,0,128,0,1024,16,128,64,922,256,128,256,64,256,28,10,0,3,3,0,9,1,0,0,0,0,46,10,0.4,1,0,0.708333,0.998611,0.5,0.554167,0,0.186029,1,0.0217391,46,1
PGM-Learned-GlobalPad,pgm,25000,1000,1048576,1024,128,1024,16,64,90,25,skew,skew,globalpad,mock,0,0.8,-1,7.13206,3.52006,0.0252301,25,24986,876544,0,0,0,0,0,0,0,0,0,0,778,222,3,0,0,4231,2509050,229629120,14208,73728,1778,28,1963251,3225,3225,541568,0,128,0,1152,3225,128,64,0,0,0,0,64,16384,3,0,0,3,3,0,0,0,0,25,25,0,25,5,0.2,1,0,0.55,1,0.5,0.425,0,-0.377168,1,0.04,25,1
PGM-Learned-GlobalPad,pgm,25000,1000,1048576,1024,128,1024,16,64,90,25,skew,skew,globalpad,mock,1,0.8,-1,7.10448,3.55446,0.0290222,25,25010,876544,0,0,0,0,0,0,0,0,0,0,792,208,3,0,0,4330,2554200,234134400,13312,73728,1792,28,1995630,3225,3225,554240,0,128,0,1152,3225,128,64,0,0,0,0,64,16384,3,0,0,3,3,0,0,0,0,25,25,0,25,5,0.6,1,0,0.7,0.99,0.5,0.425,0,-0.581114,1,0.04,25,1
PGM-Learned-GlobalPad,pgm,25000,1000,1048576,1024,128,1024,16,64,90,25,skew,skew,globalpad,mock,2,0.8,-1,7.09625,3.60297,0.0275635,25,25011,876544,0,0,0,0,0,0,0,0,0,0,805,195,3,0,0,4478,2596125,239232960,12480,73728,1805,47,2018463,3225,3225,573184,0,128,0,1152,3225,128,64,0,0,0,0,64,16384,3,0,0,3,3,0,0,0,0,25,25,0,25,5,0,1,0,0.43,0.99,0.5,0.425,0,-0.323365,1,0.04,25,1
FixedCell-Bitmap,fixedcell,25000,1000,1048576,1024,128,1024,16,64,90,25,skew,skew,bitmap,mock,0,0.8,-1,5.34741,2.5475,0.132572,25,24986,204962,0,0,0,0,0,0,0,0,0,0,778,222,0,0,0,1108,28421,51076061,4662,0,0,0,0,124,124,27313,1108,115,778,0,0,128,0,0,0,0,0,21,0,0,0,0,0,0,0,0,0,0,25,25,0,25,5,0.4,1,1,0.81,0.985,0.985,0.5,0.999775,0,1,0.04,3.56,0.1424
FixedCell-Bitmap,fixedcell,25000,1000,1048576,1024,128,1024,16,64,90,25,skew,skew,bitmap,mock,1,0.8,-1,5.25929,2.58166,0.155096,25,25010,204668,0,0,0,0,0,0,0,0,0,0,792,208,0,0,0,1128,31273,53195213,4368,0,0,0,0,135,135,30145,1128,125,792,0,0,128,0,0,0,0,0,21,0,0,0,0,0,0,0,0,0,0,25,25,0,25,5,0.4,1,1,0.82,0.99,0.99,0.5,0.999697,0,1,0.04,3.88,0.1552
FixedCell-Bitmap,fixedcell,25000,1000,1048576,1024,128,1024,16,64,90,25,skew,skew,bitmap,mock,2,0.8,-1,5.26988,2.58374,0.151194,25,25011,204395,0,0,0,0,0,0,0,0,0,0,805,195,0,0,0,1140,26325,53822429,4095,0,0,0,0,117,117,25185,1140,112,805,0,0,128,0,0,0,0,0,21,0,0,0,0,0,0,0,0,0,0,25,25,0,25,5,0.4,1,0.8,0.8,1,0.99,0.5,0.99992,0,1,0.04,3.88,0.1552
PGM-Learned-Naive,pgm,50000,1000,1048576,1024,128,1024,16,64,90,25,skew,skew,naive,mock,0,0.8,-1,11.7369,3.82082,0.0209766,49,49986,405250,0,0,0,0,0,0,0,0,0,0,778,222,0,0,0,7677,24797,63310652,4662,0,1778,68,0,115,115,17120,7677,9,778,0,0,128,0,0,0,0,0,21,0,0,0,0,0,0,0,0,0,0,49,49,0,49,10,0.3,1,1,0.510256,0.987179,0.989744,0.5,0.986285,0,1,0.0204082,6.83673,0.139525
PGM-Learned-Naive,pgm,50000,1000,1048576,1024,128,1024,16,64,90,25,skew,skew,naive,mock,1,0.8,-1,11.6614,3.87923,0.0232041,49,50010,404956,0,0,0,0,0,0,0,0,0,0,792,208,0,0,0,7883,25521,65022818,4368,0,1792,31,0,115,115,17638,7883,8,792,0,0,128,0,0,0,0,0,21,0,0,0,0,0,0,0,0,0,0,49,49,0,49,10,0.2,1,0.9,0.6,0.958974,0.934615,0.5,0.986668,0,1.04082,0.0212411,9.40816,0.192003
PGM-Learned-Naive,pgm,50000,1000,1048576,1024,128,1024,16,64,90,25,skew,skew,naive,mock,2,0.8,-1,11.6312,3.92411,0.0217191,49,50011,404683,0,0,0,0,0,0,0,0,0,0,805,195,0,0,0,8110,23362,66832204,4095,0,1805,46,0,108,108,15252,8110,9,805,0,0,128,0,0,0,0,0,21,0,0,0,0,0,0,0,0,0,0,49,49,0,49,10,0.3,1,1,0.610256,1,1,0.5,0.998,0,1,0.0204082,6.83673,0.139525
LOCI-Full,loci,50000,1000,1048576,1024,128,1024,16,64,90,25,skew,skew,full,mock,0,0.8,-1,259.503,4.68976,2.92376,84,49986,12425088,39866,672,340232,8.53439,11019136,172032,21504,688128,5421776,0.455581,778,222,27,13,0,11452,2053120,133887424,14208,7510784,1764,26338,572887,8192,8192,1465856,0,128,0,1024,16,128,64,922,256,128,256,64,256,27,13,0,3,3,0,12,1,0,0,0,0,84,17,0.294118,1,0.235294,0.62072,1,0.5,0.441615,0,0.0165755,1.07143,0.0127551,84,1
LOCI-Full,loci,50000,1000,1048576,1024,128,1024,16,64,90,25,skew,skew,full,mock,1,0.8,-1,259.821,6.13014,3.23422,89,50010,13131392,39835,712,336728,8.45307,11672960,182272,22784,729088,5417560,0.429723,792,208,25,16,0,13877,2800384,182179840,13312,8075520,1802,33615,1007288,8192,8192,1776256,0,128,0,1024,16,128,64,922,256,128,256,64,256,25,16,0,3,3,0,15,1,0,0,0,0,89,18,0.166667,1,0.277778,0.528951,0.997653,0.5,0.397105,0,0.0111389,1.02247,0.0114884,89,1
LOCI-Full,loci,50000,1000,1048576,1024,128,1024,16,64,90,25,skew,skew,full,mock,2,0.8,-1,262.423,6.30008,4.45518,95,50011,13980544,39808,760,333286,8.37234,12459136,194560,24320,778240,5413888,0.402332,805,195,32,19,0,14237,2889216,187940160,12480,9919232,1816,34838,1049607,8192,8192,1822336,0,128,0,1024,16,128,64,922,256,128,256,64,256,32,19,0,3,3,0,17,2,0,0,0,0,95,19,0.210526,1,0.157895,0.559903,0.985457,0.506579,0.509003,0.0931099,0.129932,1.14737,0.0120776,93.0211,0.979169
PGM-Learned-GlobalPad,pgm,50000,1000,1048576,1024,128,1024,16,64,90,25,skew,skew,globalpad,mock,0,0.8,-1,14.9327,7.96117,0.0244362,49,49986,1728512,0,0,0,0,0,0,0,0,0,0,778,222,3,0,0,7677,4917738,440023872,14208,73728,1778,68,3927405,6321,6321,982656,0,128,0,1152,6321,128,64,0,0,0,0,64,16384,3,0,0,3,3,0,0,0,0,49,49,0,49,10,0.2,1,0,0.521795,0.987179,0.5,0.461538,0,-0.243914,1.08163,0.0220741,49,1
PGM-Learned-GlobalPad,pgm,50000,1000,1048576,1024,128,1024,16,64,90,25,skew,skew,globalpad,mock,1,0.8,-1,14.9708,7.9602,0.0271256,49,50010,1728512,0,0,0,0,0,0,0,0,0,0,792,208,3,0,0,7883,5006232,449049408,13312,73728,1792,31,3989325,6321,6321,1009024,0,128,0,1152,6321,128,64,0,0,0,0,64,16384,3,0,0,3,3,0,0,0,0,49,49,0,49,10,0.3,1,0.2,0.625641,0.958974,0.5,0.461538,0,-0.308033,1.12245,0.0229071,49,1
PGM-Learned-GlobalPad,pgm,50000,1000,1048576,1024,128,1024,16,64,90,25,skew,skew,globalpad,mock,2,0.8,-1,15.0293,8.03185,0.0269588,49,50011,1728512,0,0,0,0,0,0,0,0,0,0,805,195,3,0,0,8110,5088405,458013120,12480,73728,1805,46,4042215,6321,6321,1038080,0,128,0,1152,6321,128,64,0,0,0,0,64,16384,3,0,0,3,3,0,0,0,0,49,49,0,49,10,0.1,1,0,0.515385,1,0.5,0.461538,0,-0.239499,1.12245,0.0229071,49,1
FixedCell-Bitmap,fixedcell,50000,1000,1048576,1024,128,1024,16,64,90,25,skew,skew,bitmap,mock,0,0.8,-1,11.7631,5.07547,0.171327,49,49986,405250,0,0,0,0,0,0,0,0,0,0,778,222,0,0,0,1541,25407,88519502,4662,0,0,0,0,124,124,23866,1541,85,778,0,0,128,0,0,0,0,0,21,0,0,0,0,0,0,0,0,0,0,49,49,0,49,10,0.4,1,0.8,0.684615,1,0.984615,0.5,0.999547,0,1,0.0204082,9.4898,0.193669
FixedCell-Bitmap,fixedcell,50000,1000,1048576,1024,128,1024,16,64,90,25,skew,skew,bitmap,mock,1,0.8,-1,12.0409,5.22307,0.230622,49,50010,404956,0,0,0,0,0,0,0,0,0,0,792,208,0,0,0,1566,26360,92315090,4368,0,0,0,0,118,118,24794,1566,91,792,0,0,128,0,0,0,0,0,21,0,0,0,0,0,0,0,0,0,0,49,49,0,49,10,0.6,1,0.8,0.910256,0.961538,0.919231,0.5,0.999622,0,1,0.0204082,11.8571,0.241983
FixedCell-Bitmap,fixedcell,50000,1000,1048576,1024,128,1024,16,64,90,25,skew,skew,bitmap,mock,2,0.8,-1,11.8184,5.20444,0.178542,49,50011,404683,0,0,0,0,0,0,0,0,0,0,805,195,0,0,0,1586,23155,94189685,4095,0,0,0,0,115,115,21569,1586,80,805,0,0,128,0,0,0,0,0,21,0,0,0,0,0,0,0,0,0,0,49,49,0,49,10,0.4,1,1,0.696154,0.991026,0.992308,0.5,0.999862,0,1,0.0204082,9.32653,0.190337
PGM-Learned-Naive,pgm,100000,1000,1048576,1024,128,1024,16,64,90,25,skew,skew,naive,mock,0,0.8,-1,27.4559,8.7575,0.0222656,98,99986,805838,0,0,0,0,0,0,0,0,0,0,778,222,0,0,0,14589,30577,119984480,4662,0,1778,47,0,132,132,15988,14589,6,778,0,0,128,0,0,0,0,0,21,0,0,0,0,0,0,0,0,0,0,98,98,0,98,20,0.3,1,0.9,0.571474,0.991346,0.971795,0.5,0.976873,0,1.02041,0.0104123,18.2857,0.186589
PGM-Learned-Naive,pgm,100000,1000,1048576,1024,128,1024,16,64,90,25,skew,skew,naive,mock,1,0.8,-1,27.5082,8.88687,0.025582,98,100010,805544,0,0,0,0,0,0,0,0,0,0,792,208,0,0,0,14998,31157,123363219,4368,0,1792,52,0,130,130,16159,14998,6,792,0,0,128,0,0,0,0,0,21,0,0,0,0,0,0,0,0,0,0,98,98,0,98,20,0.25,1,0.95,0.495833,0.975962,0.975,0.5,0.981175,0,1.02041,0.0104123,21.5918,0.220325
PGM-Learned-Naive,pgm,100000,1000,1048576,1024,128,1024,16,64,90,25,skew,skew,naive,mock,2,0.8,-1,27.4326,9.02344,0.0250285,98,100012,805250,0,0,0,0,0,0,0,0,0,0,805,194,0,0,0,15520,30812,127619052,4074,0,1804,36,0,117,117,15292,15520,6,805,0,0,128,0,0,0,0,0,21,0,0,0,0,0,0,0,0,0,0,98,98,0,98,20,0.25,1,1,0.533974,0.984615,0.982051,0.5,0.989631,0,1,0.0102041,21.7551,0.221991
LOCI-Full,loci,100000,1000,1048576,1024,128,1024,16,64,90,25,skew,skew,full,mock,0,0.8,-1,491.934,13.3377,9.03949,172,99986,25410688,68091,1376,578552,8.49675,22556800,352256,44032,1409024,9260376,0.380114,778,222,35,25,0,24167,4687104,304911296,14208,12041472,1764,61470,1566495,16384,16384,3093376,0,128,0,1024,16,128,64,922,256,128,256,64,256,35,25,0,3,3,0,24,1,0,0,0,0,172,35,0.2,1,0.342857,0.557351,0.986966,0.50365,0.48926,0.0105498,0.0165919,1.22093,0.00709843,170.012,0.98844
LOCI-Full,loci,100000,1000,1048576,1024,128,1024,16,64,90,25,skew,skew,full,mock,1,0.8,-1,482.585,12.9179,7.93324,162,100010,23996416,68048,1296,583962,8.58162,21247488,331776,41472,1327104,9254528,0.403285,792,208,29,21,0,23780,4615936,300287872,13312,10056192,1802,50017,1545192,16384,16384,3043840,0,128,0,1024,16,128,64,922,256,128,256,64,256,29,21,0,3,3,0,20,1,0,0,0,0,162,33,0.181818,1,0.333333,0.540874,0.987785,0.5,0.493775,0,-0.053476,1.16049,0.00716354,162,1
LOCI-Full,loci,100000,1000,1048576,1024,128,1024,16,64,90,25,skew,skew,full,mock,2,0.8,-1,479.826,11.4252,8.74383,160,100012,23711872,67805,1280,579794,8.5509,20983936,327680,40960,1310720,9221480,0.406891,805,194,31,20,0,23204,3880960,253143680,12416,10058368,1816,47013,884474,16384,16384,2970112,0,128,0,1024,16,128,64,922,256,128,256,64,256,31,20,0,3,3,0,18,2,0,0,0,0,160,32,0.21875,1,0.25,0.583618,0.975586,0.503906,0.499268,0.0686285,0.132356,1.1,0.006875,158.012,0.987578
PGM-Learned-GlobalPad,pgm,100000,1000,1048576,1024,128,1024,16,64,90,25,skew,skew,globalpad,mock,0,0.8,-1,34.17,18.9834,0.0282606,98,99986,3457024,0,0,0,0,0,0,0,0,0,0,778,222,3,0,0,14589,9835476,867562944,14208,73728,1778,47,7953495,12642,12642,1867392,0,128,0,1152,12642,128,64,0,0,0,0,64,16384,3,0,0,3,3,0,0,0,0,98,98,0,98,20,0.25,1,0.2,0.528526,0.991346,0.5,0.480769,0,-0.156335,1.18367,0.0120783,98,1
PGM-Learned-GlobalPad,pgm,100000,1000,1048576,1024,128,1024,16,64,90,25,skew,skew,globalpad,mock,1,0.8,-1,34.3614,19.1084,0.0316727,98,100010,3457024,0,0,0,0,0,0,0,0,0,0,792,208,3,0,0,14998,10012464,885565056,13312,73728,1792,52,8077722,12642,12642,1919744,0,128,0,1152,12642,128,64,0,0,0,0,64,16384,3,0,0,3,3,0,0,0,0,98,98,0,98,20,0.15,1,0.25,0.452885,0.975962,0.5,0.480769,0,-0.0366614,1.32653,0.013536,98,1
PGM-Learned-GlobalPad,pgm,100000,1000,1048576,1024,128,1024,16,64,90,25,skew,skew,globalpad,mock,2,0.8,-1,33.8593,19.3028,0.0322881,98,100012,3457024,0,0,0,0,0,0,0,0,0,0,805,194,3,0,0,15520,10176810,904602240,12416,73728,1804,36,8174730,12642,12642,1986560,0,128,0,1152,12642,128,64,0,0,0,0,64,16384,3,0,0,3,3,0,0,0,0,98,98,0,98,20,0.1,1,0.15,0.466987,0.984615,0.5,0.512179,0,0.0313608,1.18367,0.0120783,98,1
FixedCell-Bitmap,fixedcell,100000,1000,1048576,1024,128,1024,16,64,90,25,skew,skew,bitmap,mock,0,0.8,-1,28.0427,10.0167,0.199456,98,99986,805838,0,0,0,0,0,0,0,0,0,0,778,222,0,0,0,2300,22889,154374697,4662,0,0,0,0,124,124,20589,2300,44,778,0,0,128,0,0,0,0,0,21,0,0,0,0,0,0,0,0,0,0,98,98,0,98,20,0.25,1,0.9,0.467628,0.991987,0.962179,0.5,0.998688,0,1,0.0102041,31.1224,0.317576
FixedCell-Bitmap,fixedcell,100000,1000,1048576,1024,128,1024,16,64,90,25,skew,skew,bitmap,mock,1,0.8,-1,27.8395,10.2025,0.255346,98,100010,805544,0,0,0,0,0,0,0,0,0,0,792,208,0,0,0,2338,23635,159043485,4368,0,0,0,0,116,116,21297,2338,48,792,0,0,128,0,0,0,0,0,21,0,0,0,0,0,0,0,0,0,0,98,98,0,98,20,0.3,1,0.85,0.577244,0.987179,0.926923,0.5,0.998614,0,1,0.0102041,32.4898,0.331529
FixedCell-Bitmap,fixedcell,100000,1000,1048576,1024,128,1024,16,64,90,25,skew,skew,bitmap,mock,2,0.8,-1,27.9068,10.3178,0.210568,98,100012,805250,0,0,0,0,0,0,0,0,0,0,805,194,0,0,0,2372,22194,162830022,4074,0,0,0,0,109,109,19822,2372,37,805,0,0,128,0,0,0,0,0,21,0,0,0,0,0,0,0,0,0,0,98,98,0,98,20,0.3,1,0.95,0.509615,0.983974,0.979167,0.5,0.999337,0,1,0.0102041,31.6939,0.323407
PGM-Learned-Naive,pgm,200000,1000,1048576,1024,128,1024,16,64,90,25,skew,skew,naive,mock,0,0.8,-1,66.2814,21.1255,0.0254275,196,199986,1607014,0,0,0,0,0,0,0,0,0,0,778,222,0,0,0,28307,43921,232541626,4662,0,1778,36,0,162,162,15614,28307,5,778,0,0,128,0,0,0,0,0,21,0,0,0,0,0,0,0,0,0,0,196,196,0,196,40,0.3,1,0.975,0.609295,0.959615,0.953926,0.5,0.980191,0,1.43878,0.00734069,55.8571,0.284985
PGM-Learned-Naive,pgm,200000,1000,1048576,1024,128,1024,16,64,90,25,skew,skew,naive,mock,1,0.8,-1,66.5384,21.1954,0.0281801,196,200010,1606720,0,0,0,0,0,0,0,0,0,0,792,208,0,0,0,29031,45931,238502696,4368,0,1792,41,0,167,167,16900,29031,5,792,0,0,128,0,0,0,0,0,21,0,0,0,0,0,0,0,0,0,0,196,196,0,196,40,0.35,1,0.975,0.673478,0.973558,0.969231,0.5,0.984636,0,1.43878,0.00734069,59.9592,0.305914
PGM-Learned-Naive,pgm,200000,1000,1048576,1024,128,1024,16,64,90,25,skew,skew,naive,mock,2,0.8,-1,66.146,21.7655,0.0270484,196,200011,1606447,0,0,0,0,0,0,0,0,0,0,805,195,0,0,0,30090,45138,247146208,4095,0,1805,33,0,163,163,15048,30090,6,805,0,0,128,0,0,0,0,0,21,0,0,0,0,0,0,0,0,0,0,196,196,0,196,40,0.275,1,0.975,0.642067,0.983974,0.979167,0.5,0.98995,0,1.53061,0.00780925,63.3367,0.323147
LOCI-Full,loci,200000,1000,1048576,1024,128,1024,16,64,90,25,skew,skew,full,mock,0,0.8,-1,921.884,27.935,21.4666,314,199986,46574336,112908,2512,976790,8.6512,41181440,643072,80384,2572288,15355488,0.345244,778,222,38,24,0,43779,7206912,469944640,14208,12181760,1764,101477,1556335,16384,16384,5603712,0,128,0,1024,16,128,64,922,256,128,256,64,256,38,24,0,3,3,0,23,1,0,0,0,0,314,63,0.269841,1,0.333333,0.608676,1,0.492063,0.599317,-0.0213518,0.18071,1.44586,0.00460465,312.006,0.993651
LOCI-Full,loci,200000,1000,1048576,1024,128,1024,16,64,90,25,skew,skew,full,mock,1,0.8,-1,920.431,28.0378,26.5524,318,200010,47135744,112800,2544,966314,8.56661,41700864,651264,81408,2605056,15340800,0.340615,792,208,35,30,0,44192,7397888,482252672,13312,13456640,1802,92702,1693966,32768,32768,5656576,0,128,0,1024,16,128,64,922,256,128,256,64,256,35,30,0,3,3,0,28,2,0,0,0,0,318,64,0.21875,1,0.34375,0.601809,0.966781,0.501969,0.526144,0.0389008,0.0886615,1.53459,0.00482576,316.006,0.99373
LOCI-Full,loci,200000,1000,1048576,1024,128,1024,16,64,90,25,skew,skew,full,mock,2,0.8,-1,917.196,28.5532,29.7075,325,200011,48128128,112723,2600,967360,8.58174,42619776,665600,83200,2662400,15330328,0.333044,805,195,40,34,0,45771,7517184,490195392,12480,15295872,1816,102797,1609525,16384,16384,5858688,0,128,0,1024,16,128,64,922,256,128,256,64,256,40,34,0,3,3,0,32,2,0,0,0,0,325,65,0.292308,1,0.338462,0.600207,0.949645,0.505769,0.538314,0.0284831,0.077089,1.54769,0.00476213,319.055,0.981709
PGM-Learned-GlobalPad,pgm,200000,1000,1048576,1024,128,1024,16,64,90,25,skew,skew,globalpad,mock,0,0.8,-1,81.2356,46.2198,0.0317014,196,199986,6914048,0,0,0,0,0,0,0,0,0,0,778,222,3,0,0,28307,19670952,1720911168,14208,73728,1778,36,16019349,25284,25284,3623296,0,128,0,1152,25284,128,64,0,0,0,0,64,16384,3,0,0,3,3,0,0,0,0,196,196,0,196,40,0.2,1,0.375,0.552163,0.959615,0.5,0.490385,0,-0.088854,1.78571,0.00911079,196,1
PGM-Learned-GlobalPad,pgm,200000,1000,1048576,1024,128,1024,16,64,90,25,skew,skew,globalpad,mock,1,0.8,-1,80.1287,46.4286,0.0351697,196,200010,6914048,0,0,0,0,0,0,0,0,0,0,792,208,3,0,0,29031,20024928,1755381312,13312,73728,1792,41,16279929,25284,25284,3715968,0,128,0,1152,25284,128,64,0,0,0,0,64,16384,3,0,0,3,3,0,0,0,0,196,196,0,196,40,0.3,1,0.15,0.633333,0.973558,0.5,0.490385,0,-0.0656583,2.09184,0.0106726,196,1
PGM-Learned-GlobalPad,pgm,200000,1000,1048576,1024,128,1024,16,64,90,25,skew,skew,globalpad,mock,2,0.8,-1,79.974,47.2272,0.0347104,196,200011,6914048,0,0,0,0,0,0,0,0,0,0,805,195,3,0,0,30090,20353620,1793700480,12480,73728,1805,33,16472010,25284,25284,3851520,0,128,0,1152,25284,128,64,0,0,0,0,64,16384,3,0,0,3,3,0,0,0,0,196,196,0,196,40,0.2,1,0.25,0.592949,0.983974,0.5,0.50609,0,-0.0193769,2.10204,0.0107247,196,1
FixedCell-Bitmap,fixedcell,200000,1000,1048576,1024,128,1024,16,64,90,25,skew,skew,bitmap,mock,0,0.8,-1,67.3337,20.279,0.206228,196,199986,1607014,0,0,0,0,0,0,0,0,0,0,778,222,0,0,0,3834,21991,269341729,4662,0,0,0,0,111,111,18157,3834,22,778,0,0,128,0,0,0,0,0,21,0,0,0,0,0,0,0,0,0,0,196,196,0,196,40,0.325,1,0.925,0.562019,0.957692,0.938221,0.5,0.998313,0,1.14286,0.0058309,85.3367,0.435392
FixedCell-Bitmap,fixedcell,200000,1000,1048576,1024,128,1024,16,64,90,25,skew,skew,bitmap,mock,1,0.8,-1,67.6185,20.4716,0.257071,196,200010,1606720,0,0,0,0,0,0,0,0,0,0,792,208,0,0,0,3892,23380,276162312,4368,0,0,0,0,114,114,19488,3892,31,792,0,0,128,0,0,0,0,0,21,0,0,0,0,0,0,0,0,0,0,196,196,0,196,40,0.3,1,0.925,0.577804,0.948077,0.923718,0.5,0.998228,0,1.13265,0.00577884,94.6531,0.482924
FixedCell-Bitmap,fixedcell,200000,1000,1048576,1024,128,1024,16,64,90,25,skew,skew,bitmap,mock,2,0.8,-1,67.1107,20.7469,0.244846,196,200011,1606447,0,0,0,0,0,0,0,0,0,0,805,195,0,0,0,3940,21057,283770345,4095,0,0,0,0,107,107,17117,3940,25,805,0,0,128,0,0,0,0,0,21,0,0,0,0,0,0,0,0,0,0,196,196,0,196,40,0.25,1,0.975,0.547997,0.942788,0.942869,0.5,0.998902,0,1.05102,0.00536235,95.0612,0.485006
FBDSSE-RQ-TreeCover,fbdsse,10000,500,1048576,1024,128,1024,16,64,90,25,skew,skew,treecover,mock,0,0.8,-1,120.233,52.6983,0.0803391,59514,9990,1602834,0,0,0,0,0,0,0,0,0,0,390,110,0,0,0,5534,9459,521752953,48510,0,0,0,0,69,69,0,0,0,0,1048576,0,21,0,0,0,0,0,0,0,0,0,0,0,0,0,0,0,0,0,0,0,5197,1040,0.415385,1,1,0.718714,0.966224,0.5,0.966224,0,1,290.366,0.0558719,5197,1
FBDSSE-RQ-TreeCover,fbdsse,10000,500,1048576,1024,128,1024,16,64,90,25,skew,skew,treecover,mock,1,0.8,-1,118.375,53.6714,0.0784694,58969,10001,1588221,0,0,0,0,0,0,0,0,0,0,407,93,0,0,0,5760,9356,554679052,41013,0,0,0,0,57,57,0,0,0,0,1048576,0,21,0,0,0,0,0,0,0,0,0,0,0,0,0,0,0,0,0,0,0,5225,1045,0.413397,1,1,0.72139,0.986265,0.5,0.986265,0,1,233.097,0.0446119,5225,1
FBDSSE-RQ-TreeCover,fbdsse,10000,500,1048576,1024,128,1024,16,64,90,25,skew,skew,treecover,mock,2,0.8,-1,118.597,51.7537,0.0793631,59179,10004,1595970,0,0,0,0,0,0,0,0,0,0,394,106,0,0,0,5549,9424,516028695,46746,0,0,0,0,56,56,0,0,0,0,1048576,0,21,0,0,0,0,0,0,0,0,0,0,0,0,0,0,0,0,0,0,0,5059,1012,0.418972,1,1,0.738714,0.96776,0.5,0.96776,0,1,284.65,0.056266,5059,1
FBDSSE-RQ-TreeCover,fbdsse,25000,500,1048576,1024,128,1024,16,64,90,25,skew,skew,treecover,mock,0,0.8,-1,318.486,91.0484,0.0956442,117816,24990,3562626,0,0,0,0,0,0,0,0,0,0,390,110,0,0,0,5534,9632,823101990,48510,0,0,0,0,65,65,0,0,0,0,1048576,0,21,0,0,0,0,0,0,0,0,0,0,0,0,0,0,0,0,0,0,0,5196,1040,0.404808,1,1,0.713395,0.968664,0.5,0.968664,0,1,281.369,0.054151,5196,1
FBDSSE-RQ-TreeCover,fbdsse,25000,500,1048576,1024,128,1024,16,64,90,25,skew,skew,treecover,mock,1,0.8,-1,317.752,92.2373,0.0944194,117188,25001,3546825,0,0,0,0,0,0,0,0,0,0,407,93,0,0,0,5760,9591,870482995,41013,0,0,0,0,61,61,0,0,0,0,1048576,0,21,0,0,0,0,0,0,0,0,0,0,0,0,0,0,0,0,0,0,0,5184,1037,0.396336,1,1,0.708819,0.99024,0.5,0.99024,0,1,223.559,0.0431249,5184,1
FBDSSE-RQ-TreeCover,fbdsse,25000,500,1048576,1024,128,1024,16,64,90,25,skew,skew,treecover,mock,2,0.8,-1,316.124,88.984,0.0933447,117549,25004,3557046,0,0,0,0,0,0,0,0,0,0,394,106,0,0,0,5549,9427,806084878,46746,0,0,0,0,54,54,0,0,0,0,1048576,0,21,0,0,0,0,0,0,0,0,0,0,0,0,0,0,0,0,0,0,0,5080,1016,0.417323,1,1,0.726646,0.967234,0.5,0.967234,0,1,290.537,0.0571922,5080,1
PGM-Learned-Naive,pgm,100000,1000,1048576,1024,128,1024,16,64,90,25,skew,skew,naive,mock,0,0.8,0.001,27.8271,0.768884,0.0216115,98,99986,805838,0,0,0,0,0,0,0,0,0,0,778,222,0,0,0,1603,3348,13167945,4662,0,1778,35,0,13,13,1745,1603,5,778,0,0,128,0,0,0,0,0,21,0,0,0,0,0,0,0,0,0,0,98,98,0,98,20,0.3,1,0.9,0.647436,0.991346,0.966987,0.5,0.959775,0,1.06122,0.0108288,18.4286,0.188047
PGM-Learned-Naive,pgm,100000,1000,1048576,1024,128,1024,16,64,90,25,skew,skew,naive,mock,1,0.8,0.001,27.5523,0.771008,0.0243838,98,100010,805544,0,0,0,0,0,0,0,0,0,0,792,208,0,0,0,1643,3329,13503314,4368,0,1792,46,0,17,17,1686,1643,6,792,0,0,128,0,0,0,0,0,21,0,0,0,0,0,0,0,0,0,0,98,98,0,98,20,0.3,1,0.85,0.614744,0.975962,0.954487,0.5,0.926517,0,1.02041,0.0104123,21.4286,0.218659
PGM-Learned-Naive,pgm,100000,1000,1048576,1024,128,1024,16,64,90,25,skew,skew,naive,mock,2,0.8,0.001,27.5614,0.771998,0.0240834,98,100012,805250,0,0,0,0,0,0,0,0,0,0,805,194,0,0,0,1675,3409,13761218,4074,0,1804,45,0,15,15,1734,1675,6,805,0,0,128,0,0,0,0,0,21,0,0,0,0,0,0,0,0,0,0,98,98,0,98,20,0.3,1,1,0.628205,0.984615,0.984295,0.5,0.980197,0,1.06122,0.0108288,21.6939,0.221366
LOCI-Full,loci,100000,1000,1048576,1024,128,1024,16,64,90,25,skew,skew,full,mock,0,0.8,0.001,490.938,0.845617,9.47613,172,99986,25410688,68091,1376,578552,8.49675,22556800,352256,44032,1409024,9260376,0.380114,778,222,35,25,0,2156,488960,31985728,14208,12041472,1764,61839,208061,1024,1024,275968,0,128,0,1024,16,128,64,922,256,128,256,64,256,35,25,0,3,3,0,24,1,0,0,0,0,172,35,0.342857,1,0.4,0.658081,0.986966,0.547758,0.48926,0.197394,0.0165919,2.27907,0.0132504,139.767,0.812601
LOCI-Full,loci,100000,1000,1048576,1024,128,1024,16,64,90,25,skew,skew,full,mock,1,0.8,0.001,482.757,0.824411,8.32062,162,100010,23996416,68048,1296,583962,8.58162,21247488,331776,41472,1327104,9254528,0.403285,792,208,29,21,0,2136,490240,32067968,13312,10056192,1802,50200,211872,1024,1024,273408,0,128,0,1024,16,128,64,922,256,128,256,64,256,29,21,0,3,3,0,20,1,0,0,0,0,162,33,0.393939,1,0.333333,0.634602,0.987785,0.546512,0.493775,0.226524,-0.053476,1.7284,0.0106691,139.778,0.862826
LOCI-Full,loci,100000,1000,1048576,1024,128,1024,16,64,90,25,skew,skew,full,mock,2,0.8,0.001,480.858,0.813309,9.1882,160,100012,23711872,67805,1280,579794,8.5509,20983936,327680,40960,1310720,9221480,0.406891,805,194,31,20,0,2115,488448,31953856,12416,10058368,1816,46705,212737,1024,1024,270720,0,128,0,1024,16,128,64,922,256,128,256,64,256,31,20,0,3,3,0,18,2,0,0,0,0,160,32,0.25,1,0.3125,0.665161,0.975586,0.527344,0.499268,0.1851,0.132356,1.7,0.010625,146.613,0.916328
PGM-Learned-GlobalPad,pgm,100000,1000,1048576,1024,128,1024,16,64,90,25,skew,skew,globalpad,mock,0,0.8,0.001,34.2691,9.44449,0.0276631,98,99986,3457024,0,0,0,0,0,0,0,0,0,0,778,222,3,0,0,1603,9835476,655631424,14208,73728,1778,35,9628689,12642,12642,205184,0,128,0,1152,12642,128,64,0,0,0,0,64,16384,3,0,0,3,3,0,0,0,0,98,98,0,98,20,0.3,1,0.2,0.586218,0.991346,0.5,0.480769,0,-0.156335,1.46939,0.0149938,98,1
PGM-Learned-GlobalPad,pgm,100000,1000,1048576,1024,128,1024,16,64,90,25,skew,skew,globalpad,mock,1,0.8,0.001,34.177,9.45589,0.030533,98,100010,3457024,0,0,0,0,0,0,0,0,0,0,792,208,3,0,0,1643,10012464,667611456,13312,73728,1792,46,9800517,12642,12642,210304,0,128,0,1152,12642,128,64,0,0,0,0,64,16384,3,0,0,3,3,0,0,0,0,98,98,0,98,20,0.2,1,0.25,0.489103,0.975962,0.5,0.480769,0,-0.0366614,1.69388,0.0172845,98,1
PGM-Learned-GlobalPad,pgm,100000,1000,1048576,1024,128,1024,16,64,90,25,skew,skew,globalpad,mock,2,0.8,0.001,33.9363,9.51683,0.0308177,98,100012,3457024,0,0,0,0,0,0,0,0,0,0,805,194,3,0,0,1675,10176810,678651840,12416,73728,1804,45,9960735,12642,12642,214400,0,128,0,1152,12642,128,64,0,0,0,0,64,16384,3,0,0,3,3,0,0,0,0,98,98,0,98,20,0.15,1,0.15,0.500321,0.984615,0.5,0.512179,0,0.0313608,1.87755,0.0191587,98,1
FixedCell-Bitmap,fixedcell,100000,1000,1048576,1024,128,1024,16,64,90,25,skew,skew,bitmap,mock,0,0.8,0.001,27.903,3.63461,0.197975,98,99986,805838,0,0,0,0,0,0,0,0,0,0,778,222,0,0,0,853,10150,69536121,4662,0,0,0,0,85,85,9297,853,44,778,0,0,128,0,0,0,0,0,21,0,0,0,0,0,0,0,0,0,0,98,98,0,98,20,0.3,1,0.7,0.561859,0.991987,0.841346,0.5,0.994861,0,1.02041,0.0104123,36.2245,0.369638
FixedCell-Bitmap,fixedcell,100000,1000,1048576,1024,128,1024,16,64,90,25,skew,skew,bitmap,mock,1,0.8,0.001,27.9446,3.71474,0.253541,98,100010,805544,0,0,0,0,0,0,0,0,0,0,792,208,0,0,0,877,10440,72384835,4368,0,0,0,0,77,77,9563,877,48,792,0,0,128,0,0,0,0,0,21,0,0,0,0,0,0,0,0,0,0,98,98,0,98,20,0.25,1,0.75,0.500641,0.987179,0.877564,0.5,0.997565,0,1.04082,0.0106206,35.4082,0.361308
FixedCell-Bitmap,fixedcell,100000,1000,1048576,1024,128,1024,16,64,90,25,skew,skew,bitmap,mock,2,0.8,0.001,27.9347,3.68683,0.210271,98,100012,805250,0,0,0,0,0,0,0,0,0,0,805,194,0,0,0,882,9796,73000338,4074,0,0,0,0,72,72,8914,882,37,805,0,0,128,0,0,0,0,0,21,0,0,0,0,0,0,0,0,0,0,98,98,0,98,20,0.25,1,0.85,0.470192,0.983974,0.966026,0.5,0.997388,0,1.02041,0.0104123,35.3673,0.360891
PGM-Learned-Naive,pgm,100000,1000,1048576,1024,128,1024,16,64,90,25,skew,skew,naive,mock,0,0.8,0.01,27.4931,4.73936,0.0211706,98,99986,805838,0,0,0,0,0,0,0,0,0,0,778,222,0,0,0,8315,17469,68383150,4662,0,1778,61,0,75,75,9154,8315,5,778,0,0,128,0,0,0,0,0,21,0,0,0,0,0,0,0,0,0,0,98,98,0,98,20,0.25,1,0.9,0.552885,0.991346,0.971795,0.5,0.96988,0,1.02041,0.0104123,18.5714,0.189504
PGM-Learned-Naive,pgm,100000,1000,1048576,1024,128,1024,16,64,90,25,skew,skew,naive,mock,1,0.8,0.01,27.5509,4.82249,0.0235997,98,100010,805544,0,0,0,0,0,0,0,0,0,0,792,208,0,0,0,8617,17924,70869603,4368,0,1792,50,0,68,68,9307,8617,6,792,0,0,128,0,0,0,0,0,21,0,0,0,0,0,0,0,0,0,0,98,98,0,98,20,0.25,1,0.9,0.517308,0.975962,0.964744,0.5,0.966169,0,1,0.0102041,21.5918,0.220325
PGM-Learned-Naive,pgm,100000,1000,1048576,1024,128,1024,16,64,90,25,skew,skew,naive,mock,2,0.8,0.01,27.6128,4.9035,0.0234981,98,100012,805250,0,0,0,0,0,0,0,0,0,0,805,194,0,0,0,8929,17737,73410324,4074,0,1804,44,0,66,66,8808,8929,6,805,0,0,128,0,0,0,0,0,21,0,0,0,0,0,0,0,0,0,0,98,98,0,98,20,0.35,1,1,0.562179,0.984615,0.982051,0.5,0.984773,0,1.06122,0.0108288,21.7143,0.221574
LOCI-Full,loci,100000,1000,1048576,1024,128,1024,16,64,90,25,skew,skew,full,mock,0,0.8,0.01,492.473,7.27192,9.51318,172,99986,25410688,68091,1376,578552,8.49675,22556800,352256,44032,1409024,9260376,0.380114,778,222,35,25,0,13556,2847232,185113856,14208,12041472,1764,61771,1095578,8192,8192,1735168,0,128,0,1024,16,128,64,922,256,128,256,64,256,35,25,0,3,3,0,24,1,0,0,0,0,172,35,0.285714,1,0.342857,0.578415,0.986966,0.50365,0.48926,0.0105498,0.0165919,1.23256,0.00716604,170.012,0.98844
LOCI-Full,loci,100000,1000,1048576,1024,128,1024,16,64,90,25,skew,skew,full,mock,1,0.8,0.01,484.627,6.90956,8.36626,162,100010,23996416,68048,1296,583962,8.58162,21247488,331776,41472,1327104,9254528,0.403285,792,208,29,21,0,13330,2771712,180242368,13312,10056192,1802,50130,1049145,8192,8192,1706240,0,128,0,1024,16,128,64,922,256,128,256,64,256,29,21,0,3,3,0,20,1,0,0,0,0,162,33,0.242424,1,0.333333,0.565539,0.987785,0.503876,0.493775,0.0126984,-0.053476,1.24691,0.007697,160.012,0.987731
LOCI-Full,loci,100000,1000,1048576,1024,128,1024,16,64,90,25,skew,skew,full,mock,2,0.8,0.01,481.634,5.79539,9.20049,160,100012,23711872,67805,1280,579794,8.5509,20983936,327680,40960,1310720,9221480,0.406891,805,194,31,20,0,13045,2264832,147752192,12416,10058368,1816,46874,578988,8192,8192,1669760,0,128,0,1024,16,128,64,922,256,128,256,64,256,31,20,0,3,3,0,18,2,0,0,0,0,160,32,0.1875,1,0.25,0.598145,0.975586,0.503906,0.499268,0.0686285,0.132356,1.325,0.00828125,158.012,0.987578
PGM-Learned-GlobalPad,pgm,100000,1000,1048576,1024,128,1024,16,64,90,25,skew,skew,globalpad,mock,0,0.8,0.01,34.2283,14.2384,0.0278777,98,99986,3457024,0,0,0,0,0,0,0,0,0,0,778,222,3,0,0,8315,9835476,765171264,14208,73728,1778,61,8762841,12642,12642,1064320,0,128,0,1152,12642,128,64,0,0,0,0,64,16384,3,0,0,3,3,0,0,0,0,98,98,0,98,20,0.15,1,0.2,0.496154,0.991346,0.5,0.480769,0,-0.156335,1.26531,0.0129113,98,1
PGM-Learned-GlobalPad,pgm,100000,1000,1048576,1024,128,1024,16,64,90,25,skew,skew,globalpad,mock,1,0.8,0.01,34.2359,14.5889,0.0311517,98,100010,3457024,0,0,0,0,0,0,0,0,0,0,792,208,3,0,0,8617,10012464,781427136,13312,73728,1792,50,8900871,12642,12642,1102976,0,128,0,1152,12642,128,64,0,0,0,0,64,16384,3,0,0,3,3,0,0,0,0,98,98,0,98,20,0.15,1,0.25,0.453846,0.975962,0.5,0.480769,0,-0.0366614,1.4898,0.015202,98,1
PGM-Learned-GlobalPad,pgm,100000,1000,1048576,1024,128,1024,16,64,90,25,skew,skew,globalpad,mock,2,0.8,0.01,34.079,14.4703,0.0319741,98,100012,3457024,0,0,0,0,0,0,0,0,0,0,805,194,3,0,0,8929,10176810,797037120,12416,73728,1804,44,9024969,12642,12642,1142912,0,128,0,1152,12642,128,64,0,0,0,0,64,16384,3,0,0,3,3,0,0,0,0,98,98,0,98,20,0.3,1,0.15,0.517308,0.984615,0.5,0.512179,0,0.0313608,1.36735,0.0139525,98,1
FixedCell-Bitmap,fixedcell,100000,1000,1048576,1024,128,1024,16,64,90,25,skew,skew,bitmap,mock,0,0.8,0.01,27.9434,6.87925,0.198752,98,99986,805838,0,0,0,0,0,0,0,0,0,0,778,222,0,0,0,1541,16547,111710538,4662,0,0,0,0,87,87,15006,1541,44,778,0,0,128,0,0,0,0,0,21,0,0,0,0,0,0,0,0,0,0,98,98,0,98,20,0.25,1,0.9,0.5,0.991987,0.964423,0.5,0.99822,0,1.02041,0.0104123,31.7347,0.323823
FixedCell-Bitmap,fixedcell,100000,1000,1048576,1024,128,1024,16,64,90,25,skew,skew,bitmap,mock,1,0.8,0.01,27.8678,6.94566,0.254805,98,100010,805544,0,0,0,0,0,0,0,0,0,0,792,208,0,0,0,1566,16980,115504598,4368,0,0,0,0,90,90,15414,1566,48,792,0,0,128,0,0,0,0,0,21,0,0,0,0,0,0,0,0,0,0,98,98,0,98,20,0.3,1,0.85,0.560256,0.987179,0.919231,0.5,0.998283,0,1,0.0102041,33.7143,0.344023
FixedCell-Bitmap,fixedcell,100000,1000,1048576,1024,128,1024,16,64,90,25,skew,skew,bitmap,mock,2,0.8,0.01,27.8189,7.11144,0.21081,98,100012,805250,0,0,0,0,0,0,0,0,0,0,805,194,0,0,0,1587,16161,119221930,4074,0,0,0,0,76,76,14574,1587,37,805,0,0,128,0,0,0,0,0,21,0,0,0,0,0,0,0,0,0,0,98,98,0,98,20,0.25,1,0.95,0.509615,0.983974,0.978526,0.5,0.999092,0,1.04082,0.0106206,32.1224,0.32778
PGM-Learned-Naive,pgm,100000,1000,1048576,1024,128,1024,16,64,90,25,skew,skew,naive,mock,0,0.8,0.05,27.5941,15.9854,0.0245114,98,99986,805838,0,0,0,0,0,0,0,0,0,0,778,222,0,0,0,25066,52494,206166764,4662,0,1778,42,0,180,180,27428,25066,6,778,0,0,128,0,0,0,0,0,21,0,0,0,0,0,0,0,0,0,0,98,98,0,98,20,0.3,1,0.9,0.58141,0.991346,0.971474,0.5,0.978754,0,1.22449,0.0124948,18.1837,0.185548
PGM-Learned-Naive,pgm,100000,1000,1048576,1024,128,1024,16,64,90,25,skew,skew,naive,mock,1,0.8,0.05,27.5231,16.3769,0.0281552,98,100010,805544,0,0,0,0,0,0,0,0,0,0,792,208,0,0,0,26035,53571,214132788,4368,0,1792,47,0,177,177,27536,26035,6,792,0,0,128,0,0,0,0,0,21,0,0,0,0,0,0,0,0,0,0,98,98,0,98,20,0.35,1,0.95,0.559295,0.975962,0.975,0.5,0.98882,0,1,0.0102041,21.5306,0.2197
PGM-Learned-Naive,pgm,100000,1000,1048576,1024,128,1024,16,64,90,25,skew,skew,naive,mock,2,0.8,0.05,27.5253,16.3514,0.0276146,98,100012,805250,0,0,0,0,0,0,0,0,0,0,805,194,0,0,0,26521,52322,218077865,4074,0,1804,52,0,165,165,25801,26521,6,805,0,0,128,0,0,0,0,0,21,0,0,0,0,0,0,0,0,0,0,98,98,0,98,20,0.3,1,1,0.549359,0.984615,0.984615,0.5,0.99484,0,1.06122,0.0108288,21.4694,0.219075
LOCI-Full,loci,100000,1000,1048576,1024,128,1024,16,64,90,25,skew,skew,full,mock,0,0.8,0.05,492.872,24.0871,9.47693,172,99986,25410688,68091,1376,578552,8.49675,22556800,352256,44032,1409024,9260376,0.380114,778,222,35,25,0,41958,7371776,480146304,14208,12041472,1764,60514,1956122,16384,16384,5370624,0,128,0,1024,16,128,64,922,256,128,256,64,256,35,25,0,3,3,0,24,1,0,0,0,0,172,35,0.171429,1,0.342857,0.552138,0.986966,0.5,0.48926,0,0.0165919,2.36047,0.0137236,172,1
LOCI-Full,loci,100000,1000,1048576,1024,128,1024,16,64,90,25,skew,skew,full,mock,1,0.8,0.05,484.224,24.0433,8.37564,162,100010,23996416,68048,1296,583962,8.58162,21247488,331776,41472,1327104,9254528,0.403285,792,208,29,21,0,41381,7563776,492328832,13312,10056192,1802,49748,2222502,16384,16384,5296768,0,128,0,1024,16,128,64,922,256,128,256,64,256,29,21,0,3,3,0,20,1,0,0,0,0,162,33,0.181818,1,0.333333,0.538055,0.987785,0.5,0.493775,0,-0.053476,2.32099,0.0143271,162,1
LOCI-Full,loci,100000,1000,1048576,1024,128,1024,16,64,90,25,skew,skew,full,mock,2,0.8,0.05,481.183,23.9276,9.1899,160,100012,23711872,67805,1280,579794,8.5509,20983936,327680,40960,1310720,9221480,0.406891,805,194,31,20,0,40058,7710720,501483776,12416,10058368,1816,47768,2540064,16384,16384,5127424,0,128,0,1024,16,128,64,922,256,128,256,64,256,31,20,0,3,3,0,18,2,0,0,0,0,160,32,0.28125,1,0.25,0.601196,0.975586,0.503906,0.499268,0.0686285,0.132356,1.8,0.01125,158.012,0.987578
PGM-Learned-GlobalPad,pgm,100000,1000,1048576,1024,128,1024,16,64,90,25,skew,skew,globalpad,mock,0,0.8,0.05,34.1285,27.4443,0.0279306,98,99986,3457024,0,0,0,0,0,0,0,0,0,0,778,222,3,0,0,25066,9835476,1038547584,14208,73728,1778,42,6601962,12642,12642,3208448,0,128,0,1152,12642,128,64,0,0,0,0,64,16384,3,0,0,3,3,0,0,0,0,98,98,0,98,20,0.05,1,0.2,0.488141,0.991346,0.5,0.480769,0,-0.156335,1.97959,0.0201999,98,1
PGM-Learned-GlobalPad,pgm,100000,1000,1048576,1024,128,1024,16,64,90,25,skew,skew,globalpad,mock,1,0.8,0.05,34.139,27.9215,0.0313769,98,100010,3457024,0,0,0,0,0,0,0,0,0,0,792,208,3,0,0,26035,10012464,1065688896,13312,73728,1792,47,6653949,12642,12642,3332480,0,128,0,1152,12642,128,64,0,0,0,0,64,16384,3,0,0,3,3,0,0,0,0,98,98,0,98,20,0.25,1,0.25,0.491346,0.975962,0.5,0.480769,0,-0.0366614,2.20408,0.0224906,98,1
PGM-Learned-GlobalPad,pgm,100000,1000,1048576,1024,128,1024,16,64,90,25,skew,skew,globalpad,mock,2,0.8,0.05,33.9634,27.8342,0.0315241,98,100012,3457024,0,0,0,0,0,0,0,0,0,0,805,194,3,0,0,26521,10176810,1084138560,12416,73728,1804,52,6755601,12642,12642,3394688,0,128,0,1152,12642,128,64,0,0,0,0,64,16384,3,0,0,3,3,0,0,0,0,98,98,0,98,20,0.35,1,0.15,0.529167,0.984615,0.5,0.512179,0,0.0313608,2.10204,0.0214494,98,1
FixedCell-Bitmap,fixedcell,100000,1000,1048576,1024,128,1024,16,64,90,25,skew,skew,bitmap,mock,0,0.8,0.05,27.8383,14.6612,0.200335,98,99986,805838,0,0,0,0,0,0,0,0,0,0,778,222,0,0,0,4580,32111,206823703,4662,0,0,0,0,129,129,27531,4580,44,778,0,0,128,0,0,0,0,0,21,0,0,0,0,0,0,0,0,0,0,98,98,0,98,20,0.3,1,0.9,0.497436,0.991987,0.973077,0.5,0.999177,0,1.02041,0.0104123,30.0408,0.306539
FixedCell-Bitmap,fixedcell,100000,1000,1048576,1024,128,1024,16,64,90,25,skew,skew,bitmap,mock,1,0.8,0.05,27.9518,14.9492,0.255904,98,100010,805544,0,0,0,0,0,0,0,0,0,0,792,208,0,0,0,4655,32354,214959531,4368,0,0,0,0,123,123,27699,4655,48,792,0,0,128,0,0,0,0,0,21,0,0,0,0,0,0,0,0,0,0,98,98,0,98,20,0.45,1,1,0.69391,0.987179,0.990385,0.5,0.999628,0,1,0.0102041,31.2449,0.318825
FixedCell-Bitmap,fixedcell,100000,1000,1048576,1024,128,1024,16,64,90,25,skew,skew,bitmap,mock,2,0.8,0.05,27.7733,15.1211,0.211771,98,100012,805250,0,0,0,0,0,0,0,0,0,0,805,194,0,0,0,4725,30692,217228407,4074,0,0,0,0,114,114,25967,4725,37,805,0,0,128,0,0,0,0,0,21,0,0,0,0,0,0,0,0,0,0,98,98,0,98,20,0.35,1,0.95,0.567949,0.983974,0.975962,0.5,0.999464,0,1.06122,0.0108288,31.2857,0.319242
PGM-Learned-Naive,pgm,100000,1000,1048576,1024,128,1024,16,64,90,25,skew,skew,naive,mock,0,0.8,0.1,27.5604,18.6047,0.0256684,98,99986,805838,0,0,0,0,0,0,0,0,0,0,778,222,0,0,0,28231,59182,232183879,4662,0,1778,37,0,193,193,30951,28231,6,778,0,0,128,0,0,0,0,0,21,0,0,0,0,0,0,0,0,0,0,98,98,0,98,20,0.3,1,0.9,0.552244,0.991346,0.971474,0.5,0.978754,0,1.32653,0.013536,18.1837,0.185548
PGM-Learned-Naive,pgm,100000,1000,1048576,1024,128,1024,16,64,90,25,skew,skew,naive,mock,1,0.8,0.1,27.6078,19.0318,0.029648,98,100010,805544,0,0,0,0,0,0,0,0,0,0,792,208,0,0,0,29322,59527,241135673,4368,0,1792,41,0,184,184,30205,29322,6,792,0,0,128,0,0,0,0,0,21,0,0,0,0,0,0,0,0,0,0,98,98,0,98,20,0.3,1,1,0.624359,0.975962,0.977564,0.5,0.99433,0,1.12245,0.0114536,21.1429,0.215743
PGM-Learned-Naive,pgm,100000,1000,1048576,1024,128,1024,16,64,90,25,skew,skew,naive,mock,2,0.8,0.1,27.5242,18.8759,0.0294006,98,100012,805250,0,0,0,0,0,0,0,0,0,0,805,194,0,0,0,29642,58297,243711507,4074,0,1804,33,0,172,172,28655,29642,6,805,0,0,128,0,0,0,0,0,21,0,0,0,0,0,0,0,0,0,0,98,98,0,98,20,0.3,1,1,0.544872,0.984615,0.984615,0.5,0.99484,0,1.02041,0.0104123,21.4694,0.219075
LOCI-Full,loci,100000,1000,1048576,1024,128,1024,16,64,90,25,skew,skew,full,mock,0,0.8,0.1,493.876,26.5305,9.49635,172,99986,25410688,68091,1376,578552,8.49675,22556800,352256,44032,1409024,9260376,0.380114,778,222,35,25,0,47200,7906304,515358592,14208,12041472,1764,59874,1814468,16384,16384,6041600,0,128,0,1024,16,128,64,922,256,128,256,64,256,35,25,0,3,3,0,24,1,0,0,0,0,172,35,0.257143,1,0.342857,0.567675,0.986966,0.5,0.48926,0,0.0165919,3.06977,0.0178475,172,1
LOCI-Full,loci,100000,1000,1048576,1024,128,1024,16,64,90,25,skew,skew,full,mock,1,0.8,0.1,484.943,26.528,8.48093,162,100010,23996416,68048,1296,583962,8.58162,21247488,331776,41472,1327104,9254528,0.403285,792,208,29,21,0,46256,8118272,528747328,13312,10056192,1802,49542,2148165,16384,16384,5920768,0,128,0,1024,16,128,64,922,256,128,256,64,256,29,21,0,3,3,0,20,1,0,0,0,0,162,33,0.212121,1,0.333333,0.524195,0.987785,0.5,0.493775,0,-0.053476,1.90123,0.011736,162,1
LOCI-Full,loci,100000,1000,1048576,1024,128,1024,16,64,90,25,skew,skew,full,mock,2,0.8,0.1,482.143,26.2116,9.20278,160,100012,23711872,67805,1280,579794,8.5509,20983936,327680,40960,1310720,9221480,0.406891,805,194,31,20,0,44691,8259584,537498048,12416,10058368,1816,47755,2491323,16384,16384,5720448,0,128,0,1024,16,128,64,922,256,128,256,64,256,31,20,0,3,3,0,18,2,0,0,0,0,160,32,0.25,1,0.25,0.573242,0.975586,0.503906,0.499268,0.0686285,0.132356,1.6875,0.0105469,158.012,0.987578
PGM-Learned-GlobalPad,pgm,100000,1000,1048576,1024,128,1024,16,64,90,25,skew,skew,globalpad,mock,0,0.8,0.1,34.0094,30.2965,0.0285588,98,99986,3457024,0,0,0,0,0,0,0,0,0,0,778,222,3,0,0,28231,9835476,1090200384,14208,73728,1778,37,6193677,12642,12642,3613568,0,128,0,1152,12642,128,64,0,0,0,0,64,16384,3,0,0,3,3,0,0,0,0,98,98,0,98,20,0.1,1,0.2,0.419872,0.991346,0.5,0.480769,0,-0.156335,2.2449,0.0229071,98,1
PGM-Learned-GlobalPad,pgm,100000,1000,1048576,1024,128,1024,16,64,90,25,skew,skew,globalpad,mock,1,0.8,0.1,34.0905,30.8589,0.0313969,98,100010,3457024,0,0,0,0,0,0,0,0,0,0,792,208,3,0,0,29322,10012464,1119332736,13312,73728,1792,41,6229926,12642,12642,3753216,0,128,0,1152,12642,128,64,0,0,0,0,64,16384,3,0,0,3,3,0,0,0,0,98,98,0,98,20,0.25,1,0.25,0.586538,0.975962,0.5,0.480769,0,-0.0366614,2.22449,0.0226989,98,1
PGM-Learned-GlobalPad,pgm,100000,1000,1048576,1024,128,1024,16,64,90,25,skew,skew,globalpad,mock,2,0.8,0.1,33.9229,30.8021,0.0317706,98,100012,3457024,0,0,0,0,0,0,0,0,0,0,805,194,3,0,0,29642,10176810,1135073280,12416,73728,1804,33,6352992,12642,12642,3794176,0,128,0,1152,12642,128,64,0,0,0,0,64,16384,3,0,0,3,3,0,0,0,0,98,98,0,98,20,0.15,1,0.15,0.478205,0.984615,0.5,0.512179,0,0.0313608,1.93878,0.0197834,98,1
FixedCell-Bitmap,fixedcell,100000,1000,1048576,1024,128,1024,16,64,90,25,skew,skew,bitmap,mock,0,0.8,0.1,27.7925,16.6166,0.200064,98,99986,805838,0,0,0,0,0,0,0,0,0,0,778,222,0,0,0,8365,39296,230874035,4662,0,0,0,0,143,143,30931,8365,44,778,0,0,128,0,0,0,0,0,21,0,0,0,0,0,0,0,0,0,0,98,98,0,98,20,0.35,1,0.9,0.564423,0.991987,0.974679,0.5,0.999273,0,1,0.0102041,29.9388,0.305498
FixedCell-Bitmap,fixedcell,100000,1000,1048576,1024,128,1024,16,64,90,25,skew,skew,bitmap,mock,1,0.8,0.1,27.9183,16.8509,0.256705,98,100010,805544,0,0,0,0,0,0,0,0,0,0,792,208,0,0,0,8520,38485,238502937,4368,0,0,0,0,131,131,29965,8520,48,792,0,0,128,0,0,0,0,0,21,0,0,0,0,0,0,0,0,0,0,98,98,0,98,20,0.45,1,1,0.696154,0.987179,0.987179,0.5,0.999965,0,1,0.0102041,31.0816,0.31716
FixedCell-Bitmap,fixedcell,100000,1000,1048576,1024,128,1024,16,64,90,25,skew,skew,bitmap,mock,2,0.8,0.1,27.8198,16.7652,0.212286,98,100012,805250,0,0,0,0,0,0,0,0,0,0,805,194,0,0,0,8654,37171,241345425,4074,0,0,0,0,120,120,28517,8654,37,805,0,0,128,0,0,0,0,0,21,0,0,0,0,0,0,0,0,0,0,98,98,0,98,20,0.4,1,1,0.541987,0.983974,0.987179,0.5,0.999726,0,1.02041,0.0104123,30.9388,0.315702
