panel,dataset_family,dataset,workload,scheme,seed,rank,value
synthetic_cell_load,synthetic,synthetic,skew_hotspot_drift_mix,PGM-Learned-Naive,0,1,1035
synthetic_cell_load,synthetic,synthetic,skew_hotspot_drift_mix,PGM-Learned-Naive,0,2,1027
synthetic_cell_load,synthetic,synthetic,skew_hotspot_drift_mix,PGM-Learned-Naive,0,3,1026
synthetic_cell_load,synthetic,synthetic,skew_hotspot_drift_mix,PGM-Learned-Naive,0,4,1026
synthetic_cell_load,synthetic,synthetic,skew_hotspot_drift_mix,PGM-Learned-Naive,0,5,1026
synthetic_cell_load,synthetic,synthetic,skew_hotspot_drift_mix,PGM-Learned-Naive,0,6,1026
synthetic_cell_load,synthetic,synthetic,skew_hotspot_drift_mix,PGM-Learned-Naive,0,7,1026
synthetic_cell_load,synthetic,synthetic,skew_hotspot_drift_mix,PGM-Learned-Naive,0,8,1025
synthetic_cell_load,synthetic,synthetic,skew_hotspot_drift_mix,PGM-Learned-Naive,0,9,1025
synthetic_cell_load,synthetic,synthetic,skew_hotspot_drift_mix,PGM-Learned-Naive,0,10,1025
synthetic_cell_load,synthetic,synthetic,skew_hotspot_drift_mix,PGM-Learned-Naive,0,11,1025
synthetic_cell_load,synthetic,synthetic,skew_hotspot_drift_mix,PGM-Learned-Naive,0,12,1025
synthetic_cell_load,synthetic,synthetic,skew_hotspot_drift_mix,PGM-Learned-Naive,0,13,1025
synthetic_cell_load,synthetic,synthetic,skew_hotspot_drift_mix,PGM-Learned-Naive,0,14,1025
synthetic_cell_load,synthetic,synthetic,skew_hotspot_drift_mix,PGM-Learned-Naive,0,15,1025
synthetic_cell_load,synthetic,synthetic,skew_hotspot_drift_mix,PGM-Learned-Naive,0,16,1024
synthetic_cell_load,synthetic,synthetic,skew_hotspot_drift_mix,PGM-Learned-Naive,0,17,1024
synthetic_cell_load,synthetic,synthetic,skew_hotspot_drift_mix,PGM-Learned-Naive,0,18,1024
synthetic_cell_load,synthetic,synthetic,skew_hotspot_drift_mix,PGM-Learned-Naive,0,19,1024
synthetic_cell_load,synthetic,synthetic,skew_hotspot_drift_mix,PGM-Learned-Naive,0,20,1024
synthetic_cell_load,synthetic,synthetic,skew_hotspot_drift_mix,PGM-Learned-Naive,0,21,1024
synthetic_cell_load,synthetic,synthetic,skew_hotspot_drift_mix,PGM-Learned-Naive,0,22,1024
synthetic_cell_load,synthetic,synthetic,skew_hotspot_drift_mix,PGM-Learned-Naive,0,23,1024
synthetic_cell_load,synthetic,synthetic,skew_hotspot_drift_mix,PGM-Learned-Naive,0,24,1024
synthetic_cell_load,synthetic,synthetic,skew_hotspot_drift_mix,PGM-Learned-Naive,0,25,1023
synthetic_cell_load,synthetic,synthetic,skew_hotspot_drift_mix,PGM-Learned-Naive,0,26,1023
synthetic_cell_load,synthetic,synthetic,skew_hotspot_drift_mix,PGM-Learned-Naive,0,27,1023
synthetic_cell_load,synthetic,synthetic,skew_hotspot_drift_mix,PGM-Learned-Naive,0,28,1023
synthetic_cell_load,synthetic,synthetic,skew_hotspot_drift_mix,PGM-Learned-Naive,0,29,1023
synthetic_cell_load,synthetic,synthetic,skew_hotspot_drift_mix,PGM-Learned-Naive,0,30,1023
synthetic_cell_load,synthetic,synthetic,skew_hotspot_drift_mix,PGM-Learned-Naive,0,31,1023
synthetic_cell_load,synthetic,synthetic,skew_hotspot_drift_mix,PGM-Learned-Naive,0,32,1023
synthetic_cell_load,synthetic,synthetic,skew_hotspot_drift_mix,PGM-Learned-Naive,0,33,1023
synthetic_cell_load,synthetic,synthetic,skew_hotspot_drift_mix,PGM-Learned-Naive,0,34,1023
synthetic_cell_load,synthetic,synthetic,skew_hotspot_drift_mix,PGM-Learned-Naive,0,35,1023
synthetic_cell_load,synthetic,synthetic,skew_hotspot_drift_mix,PGM-Learned-Naive,0,36,1023
synthetic_cell_load,synthetic,synthetic,skew_hotspot_drift_mix,PGM-Learned-Naive,0,37,1023
synthetic_cell_load,synthetic,synthetic,skew_hotspot_drift_mix,PGM-Learned-Naive,0,38,1023
synthetic_cell_load,synthetic,synthetic,skew_hotspot_drift_mix,PGM-Learned-Naive,0,39,1023
synthetic_cell_load,synthetic,synthetic,skew_hotspot_drift_mix,PGM-Learned-Naive,0,40,1022
synthetic_cell_load,synthetic,synthetic,skew_hotspot_drift_mix,PGM-Learned-Naive,0,41,1022
synthetic_cell_load,synthetic,synthetic,skew_hotspot_drift_mix,PGM-Learned-Naive,0,42,1022
synthetic_cell_load,synthetic,synthetic,skew_hotspot_drift_mix,PGM-Learned-Naive,0,43,1022
synthetic_cell_load,synthetic,synthetic,skew_hotspot_drift_mix,PGM-Learned-Naive,0,44,1022
synthetic_cell_load,synthetic,synthetic,skew_hotspot_drift_mix,PGM-Learned-Naive,0,45,1022
synthetic_cell_load,synthetic,synthetic,skew_hotspot_drift_mix,PGM-Learned-Naive,0,46,1021
synthetic_cell_load,synthetic,synthetic,skew_hotspot_drift_mix,PGM-Learned-Naive,0,47,1021
synthetic_cell_load,synthetic,synthetic,skew_hotspot_drift_mix,PGM-Learned-Naive,0,48,1021
synthetic_cell_load,synthetic,synthetic,skew_hotspot_drift_mix,PGM-Learned-Naive,0,49,848
update_touch_synthetic,synthetic,synthetic,skew_hotspot_drift_mix,PGM-Learned-Naive,0,1,11
update_touch_synthetic,synthetic,synthetic,skew_hotspot_drift_mix,PGM-Learned-Naive,0,2,8
update_touch_synthetic,synthetic,synthetic,skew_hotspot_drift_mix,PGM-Learned-Naive,0,3,7
update_touch_synthetic,synthetic,synthetic,skew_hotspot_drift_mix,PGM-Learned-Naive,0,4,6
update_touch_synthetic,synthetic,synthetic,skew_hotspot_drift_mix,PGM-Learned-Naive,0,5,5
update_touch_synthetic,synthetic,synthetic,skew_hotspot_drift_mix,PGM-Learned-Naive,0,6,5
update_touch_synthetic,synthetic,synthetic,skew_hotspot_drift_mix,PGM-Learned-Naive,0,7,4
update_touch_synthetic,synthetic,synthetic,skew_hotspot_drift_mix,PGM-Learned-Naive,0,8,4
update_touch_synthetic,synthetic,synthetic,skew_hotspot_drift_mix,PGM-Learned-Naive,0,9,4
update_touch_synthetic,synthetic,synthetic,skew_hotspot_drift_mix,PGM-Learned-Naive,0,10,3
update_touch_synthetic,synthetic,synthetic,skew_hotspot_drift_mix,PGM-Learned-Naive,0,11,3
update_touch_synthetic,synthetic,synthetic,skew_hotspot_drift_mix,PGM-Learned-Naive,0,12,3
update_touch_synthetic,synthetic,synthetic,skew_hotspot_drift_mix,PGM-Learned-Naive,0,13,3
update_touch_synthetic,synthetic,synthetic,skew_hotspot_drift_mix,PGM-Learned-Naive,0,14,3
update_touch_synthetic,synthetic,synthetic,skew_hotspot_drift_mix,PGM-Learned-Naive,0,15,2
update_touch_synthetic,synthetic,synthetic,skew_hotspot_drift_mix,PGM-Learned-Naive,0,16,2
update_touch_synthetic,synthetic,synthetic,skew_hotspot_drift_mix,PGM-Learned-Naive,0,17,2
update_touch_synthetic,synthetic,synthetic,skew_hotspot_drift_mix,PGM-Learned-Naive,0,18,2
update_touch_synthetic,synthetic,synthetic,skew_hotspot_drift_mix,PGM-Learned-Naive,0,19,2
update_touch_synthetic,synthetic,synthetic,skew_hotspot_drift_mix,PGM-Learned-Naive,0,20,2
update_touch_synthetic,synthetic,synthetic,skew_hotspot_drift_mix,PGM-Learned-Naive,0,21,2
update_touch_synthetic,synthetic,synthetic,skew_hotspot_drift_mix,PGM-Learned-Naive,0,22,2
update_touch_synthetic,synthetic,synthetic,skew_hotspot_drift_mix,PGM-Learned-Naive,0,23,2
update_touch_synthetic,synthetic,synthetic,skew_hotspot_drift_mix,PGM-Learned-Naive,0,24,2
update_touch_synthetic,synthetic,synthetic,skew_hotspot_drift_mix,PGM-Learned-Naive,0,25,2
update_touch_synthetic,synthetic,synthetic,skew_hotspot_drift_mix,PGM-Learned-Naive,0,26,1
update_touch_synthetic,synthetic,synthetic,skew_hotspot_drift_mix,PGM-Learned-Naive,0,27,1
update_touch_synthetic,synthetic,synthetic,skew_hotspot_drift_mix,PGM-Learned-Naive,0,28,1
update_touch_synthetic,synthetic,synthetic,skew_hotspot_drift_mix,PGM-Learned-Naive,0,29,1
update_touch_synthetic,synthetic,synthetic,skew_hotspot_drift_mix,PGM-Learned-Naive,0,30,1
update_touch_synthetic,synthetic,synthetic,skew_hotspot_drift_mix,PGM-Learned-Naive,0,31,1
update_touch_synthetic,synthetic,synthetic,skew_hotspot_drift_mix,PGM-Learned-Naive,0,32,1
update_touch_synthetic,synthetic,synthetic,skew_hotspot_drift_mix,PGM-Learned-Naive,0,33,1
update_touch_synthetic,synthetic,synthetic,skew_hotspot_drift_mix,PGM-Learned-Naive,0,34,1
update_touch_synthetic,synthetic,synthetic,skew_hotspot_drift_mix,PGM-Learned-Naive,0,35,1
update_touch_synthetic,synthetic,synthetic,skew_hotspot_drift_mix,PGM-Learned-Naive,0,36,1
update_touch_synthetic,synthetic,synthetic,skew_hotspot_drift_mix,PGM-Learned-Naive,0,37,1
update_touch_synthetic,synthetic,synthetic,skew_hotspot_drift_mix,PGM-Learned-Naive,0,38,1
update_touch_synthetic,synthetic,synthetic,skew_hotspot_drift_mix,PGM-Learned-Naive,0,39,1
update_touch_synthetic,synthetic,synthetic,skew_hotspot_drift_mix,PGM-Learned-Naive,0,40,1
update_touch_synthetic,synthetic,synthetic,skew_hotspot_drift_mix,PGM-Learned-Naive,0,41,1
update_touch_synthetic,synthetic,synthetic,skew_hotspot_drift_mix,PGM-Learned-Naive,0,42,1
update_touch_synthetic,synthetic,synthetic,skew_hotspot_drift_mix,PGM-Learned-Naive,0,43,1
update_touch_synthetic,synthetic,synthetic,skew_hotspot_drift_mix,PGM-Learned-Naive,0,44,1
